"","Quercus_CA","Quercus_MX","Quercus_MX_stellatae","roburoids_albae","mac_bic","mac_bic_lob"
"refRAD.ref_alba_raxml",FALSE,FALSE,FALSE,FALSE,FALSE,TRUE
"refRAD.ref_glauca_raxml",FALSE,FALSE,FALSE,TRUE,FALSE,TRUE
"refRAD.ref_longispica_raxml",FALSE,FALSE,TRUE,FALSE,FALSE,TRUE
"refRAD.ref_rubra_raxml",FALSE,FALSE,FALSE,TRUE,FALSE,TRUE
"refRAD.ref_tomentella_raxml",FALSE,FALSE,FALSE,FALSE,FALSE,TRUE
"refRAD.ref_variablis_raxml",FALSE,FALSE,FALSE,FALSE,FALSE,TRUE
"refRAD.ref_virginiana_raxml",FALSE,FALSE,FALSE,TRUE,FALSE,TRUE
"simRAD.simRAD_Qalba_raxml",TRUE,TRUE,TRUE,FALSE,TRUE,FALSE
"simRAD.simRAD_Qvar_raxml",FALSE,TRUE,TRUE,TRUE,FALSE,TRUE
"reSeq.reseq_Qalba",FALSE,TRUE,TRUE,TRUE,TRUE,TRUE
"reSeq.reseq_Qvar",FALSE,TRUE,TRUE,TRUE,TRUE,TRUE
"refRAD.ref_alba_raxml.bt001",FALSE,FALSE,FALSE,FALSE,FALSE,TRUE
"refRAD.ref_alba_raxml.bt002",FALSE,FALSE,FALSE,FALSE,FALSE,FALSE
"refRAD.ref_alba_raxml.bt003",FALSE,FALSE,FALSE,FALSE,FALSE,TRUE
"refRAD.ref_alba_raxml.bt004",FALSE,FALSE,FALSE,FALSE,FALSE,TRUE
"refRAD.ref_alba_raxml.bt005",FALSE,FALSE,FALSE,FALSE,FALSE,FALSE
"refRAD.ref_alba_raxml.bt006",FALSE,FALSE,FALSE,TRUE,FALSE,FALSE
"refRAD.ref_alba_raxml.bt007",FALSE,FALSE,FALSE,FALSE,FALSE,TRUE
"refRAD.ref_alba_raxml.bt008",FALSE,FALSE,TRUE,TRUE,FALSE,TRUE
"refRAD.ref_alba_raxml.bt009",FALSE,FALSE,TRUE,TRUE,FALSE,FALSE
"refRAD.ref_alba_raxml.bt010",FALSE,FALSE,FALSE,FALSE,FALSE,TRUE
"refRAD.ref_alba_raxml.bt011",FALSE,FALSE,FALSE,TRUE,FALSE,TRUE
"refRAD.ref_alba_raxml.bt012",FALSE,FALSE,FALSE,TRUE,FALSE,TRUE
"refRAD.ref_alba_raxml.bt013",FALSE,FALSE,FALSE,FALSE,FALSE,TRUE
"refRAD.ref_alba_raxml.bt014",FALSE,FALSE,FALSE,TRUE,FALSE,TRUE
"refRAD.ref_alba_raxml.bt015",FALSE,FALSE,FALSE,FALSE,FALSE,TRUE
"refRAD.ref_alba_raxml.bt016",FALSE,FALSE,FALSE,FALSE,FALSE,TRUE
"refRAD.ref_alba_raxml.bt017",FALSE,FALSE,TRUE,TRUE,FALSE,TRUE
"refRAD.ref_alba_raxml.bt018",FALSE,FALSE,FALSE,FALSE,FALSE,TRUE
"refRAD.ref_alba_raxml.bt019",FALSE,FALSE,FALSE,TRUE,FALSE,TRUE
"refRAD.ref_alba_raxml.bt020",FALSE,FALSE,FALSE,TRUE,FALSE,TRUE
"refRAD.ref_alba_raxml.bt021",FALSE,FALSE,FALSE,TRUE,TRUE,TRUE
"refRAD.ref_alba_raxml.bt022",FALSE,FALSE,TRUE,TRUE,FALSE,FALSE
"refRAD.ref_alba_raxml.bt023",FALSE,FALSE,FALSE,TRUE,FALSE,TRUE
"refRAD.ref_alba_raxml.bt024",FALSE,FALSE,FALSE,FALSE,FALSE,TRUE
"refRAD.ref_alba_raxml.bt025",FALSE,FALSE,FALSE,TRUE,FALSE,TRUE
"refRAD.ref_alba_raxml.bt026",FALSE,FALSE,TRUE,TRUE,FALSE,FALSE
"refRAD.ref_alba_raxml.bt027",FALSE,FALSE,TRUE,TRUE,FALSE,TRUE
"refRAD.ref_alba_raxml.bt028",FALSE,FALSE,TRUE,TRUE,FALSE,FALSE
"refRAD.ref_alba_raxml.bt029",FALSE,FALSE,TRUE,TRUE,FALSE,TRUE
"refRAD.ref_alba_raxml.bt030",FALSE,FALSE,TRUE,FALSE,FALSE,TRUE
"refRAD.ref_alba_raxml.bt031",FALSE,FALSE,FALSE,TRUE,FALSE,FALSE
"refRAD.ref_alba_raxml.bt032",FALSE,FALSE,TRUE,FALSE,FALSE,FALSE
"refRAD.ref_alba_raxml.bt033",FALSE,FALSE,FALSE,FALSE,FALSE,TRUE
"refRAD.ref_alba_raxml.bt034",FALSE,FALSE,FALSE,FALSE,FALSE,FALSE
"refRAD.ref_alba_raxml.bt035",FALSE,FALSE,FALSE,TRUE,FALSE,FALSE
"refRAD.ref_alba_raxml.bt036",FALSE,FALSE,TRUE,TRUE,FALSE,FALSE
"refRAD.ref_alba_raxml.bt037",FALSE,FALSE,TRUE,TRUE,FALSE,FALSE
"refRAD.ref_alba_raxml.bt038",FALSE,FALSE,FALSE,TRUE,FALSE,FALSE
"refRAD.ref_alba_raxml.bt039",FALSE,FALSE,TRUE,TRUE,FALSE,FALSE
"refRAD.ref_alba_raxml.bt040",FALSE,FALSE,FALSE,TRUE,FALSE,TRUE
"refRAD.ref_alba_raxml.bt041",FALSE,FALSE,FALSE,FALSE,FALSE,TRUE
"refRAD.ref_alba_raxml.bt042",FALSE,FALSE,FALSE,FALSE,FALSE,TRUE
"refRAD.ref_alba_raxml.bt043",FALSE,FALSE,FALSE,FALSE,FALSE,FALSE
"refRAD.ref_alba_raxml.bt044",FALSE,FALSE,FALSE,TRUE,FALSE,TRUE
"refRAD.ref_alba_raxml.bt045",FALSE,FALSE,FALSE,FALSE,FALSE,TRUE
"refRAD.ref_alba_raxml.bt046",FALSE,FALSE,FALSE,FALSE,FALSE,TRUE
"refRAD.ref_alba_raxml.bt047",FALSE,FALSE,TRUE,TRUE,FALSE,TRUE
"refRAD.ref_alba_raxml.bt048",FALSE,FALSE,TRUE,TRUE,FALSE,FALSE
"refRAD.ref_alba_raxml.bt049",FALSE,FALSE,FALSE,TRUE,FALSE,TRUE
"refRAD.ref_alba_raxml.bt050",FALSE,FALSE,FALSE,TRUE,FALSE,TRUE
"refRAD.ref_alba_raxml.bt051",FALSE,FALSE,FALSE,TRUE,FALSE,TRUE
"refRAD.ref_alba_raxml.bt052",FALSE,FALSE,FALSE,TRUE,FALSE,TRUE
"refRAD.ref_alba_raxml.bt053",FALSE,FALSE,TRUE,FALSE,FALSE,FALSE
"refRAD.ref_alba_raxml.bt054",FALSE,FALSE,TRUE,FALSE,FALSE,TRUE
"refRAD.ref_alba_raxml.bt055",FALSE,FALSE,TRUE,FALSE,FALSE,TRUE
"refRAD.ref_alba_raxml.bt056",FALSE,FALSE,FALSE,TRUE,FALSE,TRUE
"refRAD.ref_alba_raxml.bt057",FALSE,FALSE,FALSE,TRUE,FALSE,TRUE
"refRAD.ref_alba_raxml.bt058",FALSE,FALSE,FALSE,TRUE,FALSE,TRUE
"refRAD.ref_alba_raxml.bt059",FALSE,FALSE,TRUE,FALSE,FALSE,TRUE
"refRAD.ref_alba_raxml.bt060",FALSE,FALSE,FALSE,TRUE,FALSE,TRUE
"refRAD.ref_alba_raxml.bt061",FALSE,FALSE,FALSE,TRUE,FALSE,TRUE
"refRAD.ref_alba_raxml.bt062",FALSE,FALSE,FALSE,TRUE,TRUE,TRUE
"refRAD.ref_alba_raxml.bt063",FALSE,FALSE,TRUE,TRUE,FALSE,FALSE
"refRAD.ref_alba_raxml.bt064",FALSE,FALSE,FALSE,FALSE,FALSE,TRUE
"refRAD.ref_alba_raxml.bt065",FALSE,FALSE,FALSE,FALSE,FALSE,FALSE
"refRAD.ref_alba_raxml.bt066",FALSE,FALSE,FALSE,FALSE,FALSE,TRUE
"refRAD.ref_alba_raxml.bt067",FALSE,FALSE,FALSE,TRUE,FALSE,TRUE
"refRAD.ref_alba_raxml.bt068",FALSE,FALSE,FALSE,FALSE,FALSE,TRUE
"refRAD.ref_alba_raxml.bt069",FALSE,FALSE,FALSE,FALSE,FALSE,TRUE
"refRAD.ref_alba_raxml.bt070",FALSE,FALSE,FALSE,FALSE,FALSE,TRUE
"refRAD.ref_alba_raxml.bt071",FALSE,FALSE,FALSE,TRUE,FALSE,TRUE
"refRAD.ref_alba_raxml.bt072",FALSE,FALSE,FALSE,FALSE,FALSE,TRUE
"refRAD.ref_alba_raxml.bt073",FALSE,FALSE,FALSE,FALSE,FALSE,TRUE
"refRAD.ref_alba_raxml.bt074",FALSE,FALSE,FALSE,FALSE,FALSE,TRUE
"refRAD.ref_alba_raxml.bt075",FALSE,FALSE,FALSE,FALSE,FALSE,TRUE
"refRAD.ref_alba_raxml.bt076",FALSE,FALSE,FALSE,TRUE,FALSE,FALSE
"refRAD.ref_alba_raxml.bt077",FALSE,FALSE,FALSE,TRUE,FALSE,FALSE
"refRAD.ref_alba_raxml.bt078",FALSE,FALSE,FALSE,TRUE,FALSE,TRUE
"refRAD.ref_alba_raxml.bt079",FALSE,FALSE,TRUE,TRUE,FALSE,TRUE
"refRAD.ref_alba_raxml.bt080",FALSE,FALSE,FALSE,FALSE,FALSE,TRUE
"refRAD.ref_alba_raxml.bt081",FALSE,FALSE,FALSE,FALSE,FALSE,TRUE
"refRAD.ref_alba_raxml.bt082",FALSE,FALSE,FALSE,FALSE,TRUE,TRUE
"refRAD.ref_alba_raxml.bt083",FALSE,FALSE,TRUE,FALSE,FALSE,FALSE
"refRAD.ref_alba_raxml.bt084",FALSE,FALSE,TRUE,TRUE,FALSE,TRUE
"refRAD.ref_alba_raxml.bt085",FALSE,FALSE,FALSE,FALSE,FALSE,TRUE
"refRAD.ref_alba_raxml.bt086",FALSE,FALSE,FALSE,TRUE,FALSE,FALSE
"refRAD.ref_alba_raxml.bt087",FALSE,FALSE,FALSE,TRUE,FALSE,FALSE
"refRAD.ref_alba_raxml.bt088",FALSE,FALSE,FALSE,TRUE,FALSE,TRUE
"refRAD.ref_alba_raxml.bt089",FALSE,FALSE,FALSE,FALSE,FALSE,TRUE
"refRAD.ref_alba_raxml.bt090",FALSE,FALSE,TRUE,FALSE,FALSE,TRUE
"refRAD.ref_alba_raxml.bt091",FALSE,FALSE,FALSE,FALSE,FALSE,TRUE
"refRAD.ref_alba_raxml.bt092",FALSE,FALSE,TRUE,FALSE,FALSE,FALSE
"refRAD.ref_alba_raxml.bt093",FALSE,FALSE,FALSE,FALSE,FALSE,TRUE
"refRAD.ref_alba_raxml.bt094",FALSE,FALSE,FALSE,TRUE,FALSE,TRUE
"refRAD.ref_alba_raxml.bt095",FALSE,FALSE,FALSE,TRUE,FALSE,TRUE
"refRAD.ref_alba_raxml.bt096",FALSE,FALSE,FALSE,TRUE,FALSE,TRUE
"refRAD.ref_alba_raxml.bt097",FALSE,FALSE,FALSE,TRUE,FALSE,FALSE
"refRAD.ref_alba_raxml.bt098",FALSE,FALSE,TRUE,TRUE,FALSE,TRUE
"refRAD.ref_alba_raxml.bt099",FALSE,FALSE,FALSE,TRUE,FALSE,TRUE
"refRAD.ref_alba_raxml.bt100",FALSE,FALSE,FALSE,TRUE,FALSE,TRUE
"refRAD.ref_glauca_raxml.bt001",FALSE,FALSE,TRUE,TRUE,TRUE,TRUE
"refRAD.ref_glauca_raxml.bt002",FALSE,FALSE,TRUE,TRUE,TRUE,TRUE
"refRAD.ref_glauca_raxml.bt003",FALSE,FALSE,TRUE,TRUE,TRUE,TRUE
"refRAD.ref_glauca_raxml.bt004",FALSE,FALSE,FALSE,FALSE,TRUE,TRUE
"refRAD.ref_glauca_raxml.bt005",FALSE,FALSE,TRUE,TRUE,FALSE,TRUE
"refRAD.ref_glauca_raxml.bt006",FALSE,FALSE,TRUE,TRUE,TRUE,TRUE
"refRAD.ref_glauca_raxml.bt007",FALSE,FALSE,TRUE,TRUE,TRUE,TRUE
"refRAD.ref_glauca_raxml.bt008",FALSE,FALSE,TRUE,TRUE,TRUE,TRUE
"refRAD.ref_glauca_raxml.bt009",FALSE,FALSE,FALSE,TRUE,FALSE,TRUE
"refRAD.ref_glauca_raxml.bt010",FALSE,FALSE,FALSE,TRUE,TRUE,TRUE
"refRAD.ref_glauca_raxml.bt011",FALSE,FALSE,FALSE,TRUE,FALSE,TRUE
"refRAD.ref_glauca_raxml.bt012",FALSE,FALSE,FALSE,TRUE,TRUE,TRUE
"refRAD.ref_glauca_raxml.bt013",FALSE,FALSE,FALSE,TRUE,TRUE,TRUE
"refRAD.ref_glauca_raxml.bt014",FALSE,FALSE,FALSE,TRUE,TRUE,TRUE
"refRAD.ref_glauca_raxml.bt015",FALSE,FALSE,FALSE,FALSE,TRUE,TRUE
"refRAD.ref_glauca_raxml.bt016",FALSE,FALSE,FALSE,TRUE,FALSE,TRUE
"refRAD.ref_glauca_raxml.bt017",FALSE,FALSE,FALSE,TRUE,FALSE,TRUE
"refRAD.ref_glauca_raxml.bt018",FALSE,FALSE,FALSE,FALSE,FALSE,TRUE
"refRAD.ref_glauca_raxml.bt019",FALSE,FALSE,FALSE,TRUE,FALSE,TRUE
"refRAD.ref_glauca_raxml.bt020",FALSE,FALSE,FALSE,TRUE,FALSE,TRUE
"refRAD.ref_glauca_raxml.bt021",FALSE,FALSE,FALSE,FALSE,FALSE,TRUE
"refRAD.ref_glauca_raxml.bt022",FALSE,FALSE,FALSE,TRUE,FALSE,TRUE
"refRAD.ref_glauca_raxml.bt023",FALSE,FALSE,FALSE,TRUE,FALSE,TRUE
"refRAD.ref_glauca_raxml.bt024",FALSE,FALSE,FALSE,TRUE,FALSE,TRUE
"refRAD.ref_glauca_raxml.bt025",FALSE,FALSE,TRUE,TRUE,FALSE,TRUE
"refRAD.ref_glauca_raxml.bt026",FALSE,FALSE,TRUE,TRUE,FALSE,TRUE
"refRAD.ref_glauca_raxml.bt027",FALSE,FALSE,TRUE,TRUE,FALSE,TRUE
"refRAD.ref_glauca_raxml.bt028",FALSE,FALSE,FALSE,TRUE,TRUE,TRUE
"refRAD.ref_glauca_raxml.bt029",FALSE,FALSE,TRUE,TRUE,TRUE,TRUE
"refRAD.ref_glauca_raxml.bt030",FALSE,FALSE,TRUE,TRUE,TRUE,TRUE
"refRAD.ref_glauca_raxml.bt031",FALSE,FALSE,TRUE,TRUE,FALSE,TRUE
"refRAD.ref_glauca_raxml.bt032",FALSE,FALSE,TRUE,TRUE,FALSE,TRUE
"refRAD.ref_glauca_raxml.bt033",FALSE,FALSE,TRUE,FALSE,FALSE,TRUE
"refRAD.ref_glauca_raxml.bt034",FALSE,FALSE,FALSE,TRUE,TRUE,TRUE
"refRAD.ref_glauca_raxml.bt035",FALSE,FALSE,FALSE,TRUE,FALSE,TRUE
"refRAD.ref_glauca_raxml.bt036",FALSE,FALSE,FALSE,FALSE,FALSE,TRUE
"refRAD.ref_glauca_raxml.bt037",FALSE,FALSE,FALSE,TRUE,FALSE,TRUE
"refRAD.ref_glauca_raxml.bt038",FALSE,FALSE,FALSE,TRUE,TRUE,TRUE
"refRAD.ref_glauca_raxml.bt039",FALSE,FALSE,FALSE,FALSE,FALSE,TRUE
"refRAD.ref_glauca_raxml.bt040",FALSE,FALSE,FALSE,FALSE,FALSE,TRUE
"refRAD.ref_glauca_raxml.bt041",FALSE,FALSE,FALSE,TRUE,FALSE,TRUE
"refRAD.ref_glauca_raxml.bt042",FALSE,FALSE,FALSE,FALSE,TRUE,FALSE
"refRAD.ref_glauca_raxml.bt043",FALSE,FALSE,TRUE,TRUE,FALSE,TRUE
"refRAD.ref_glauca_raxml.bt044",FALSE,FALSE,FALSE,TRUE,FALSE,TRUE
"refRAD.ref_glauca_raxml.bt045",FALSE,FALSE,FALSE,TRUE,FALSE,TRUE
"refRAD.ref_glauca_raxml.bt046",FALSE,FALSE,FALSE,TRUE,FALSE,TRUE
"refRAD.ref_glauca_raxml.bt047",FALSE,FALSE,FALSE,TRUE,FALSE,TRUE
"refRAD.ref_glauca_raxml.bt048",FALSE,FALSE,FALSE,TRUE,FALSE,TRUE
"refRAD.ref_glauca_raxml.bt049",FALSE,FALSE,FALSE,TRUE,FALSE,TRUE
"refRAD.ref_glauca_raxml.bt050",FALSE,FALSE,FALSE,TRUE,TRUE,TRUE
"refRAD.ref_glauca_raxml.bt051",FALSE,FALSE,FALSE,FALSE,FALSE,TRUE
"refRAD.ref_glauca_raxml.bt052",FALSE,FALSE,FALSE,FALSE,FALSE,TRUE
"refRAD.ref_glauca_raxml.bt053",FALSE,FALSE,FALSE,TRUE,TRUE,TRUE
"refRAD.ref_glauca_raxml.bt054",FALSE,FALSE,FALSE,TRUE,FALSE,TRUE
"refRAD.ref_glauca_raxml.bt055",FALSE,FALSE,TRUE,TRUE,FALSE,TRUE
"refRAD.ref_glauca_raxml.bt056",FALSE,FALSE,TRUE,TRUE,FALSE,TRUE
"refRAD.ref_glauca_raxml.bt057",FALSE,FALSE,FALSE,FALSE,FALSE,TRUE
"refRAD.ref_glauca_raxml.bt058",FALSE,FALSE,FALSE,FALSE,FALSE,TRUE
"refRAD.ref_glauca_raxml.bt059",FALSE,FALSE,TRUE,TRUE,FALSE,TRUE
"refRAD.ref_glauca_raxml.bt060",FALSE,FALSE,TRUE,TRUE,FALSE,TRUE
"refRAD.ref_glauca_raxml.bt061",FALSE,FALSE,FALSE,TRUE,FALSE,TRUE
"refRAD.ref_glauca_raxml.bt062",FALSE,FALSE,FALSE,TRUE,FALSE,TRUE
"refRAD.ref_glauca_raxml.bt063",FALSE,FALSE,TRUE,TRUE,FALSE,TRUE
"refRAD.ref_glauca_raxml.bt064",FALSE,FALSE,FALSE,TRUE,FALSE,TRUE
"refRAD.ref_glauca_raxml.bt065",FALSE,FALSE,FALSE,TRUE,FALSE,TRUE
"refRAD.ref_glauca_raxml.bt066",FALSE,FALSE,FALSE,TRUE,FALSE,TRUE
"refRAD.ref_glauca_raxml.bt067",FALSE,FALSE,FALSE,TRUE,FALSE,TRUE
"refRAD.ref_glauca_raxml.bt068",FALSE,FALSE,FALSE,TRUE,TRUE,TRUE
"refRAD.ref_glauca_raxml.bt069",FALSE,FALSE,FALSE,TRUE,FALSE,TRUE
"refRAD.ref_glauca_raxml.bt070",FALSE,FALSE,FALSE,TRUE,FALSE,TRUE
"refRAD.ref_glauca_raxml.bt071",FALSE,FALSE,FALSE,TRUE,TRUE,FALSE
"refRAD.ref_glauca_raxml.bt072",FALSE,FALSE,FALSE,TRUE,FALSE,TRUE
"refRAD.ref_glauca_raxml.bt073",FALSE,FALSE,FALSE,TRUE,FALSE,TRUE
"refRAD.ref_glauca_raxml.bt074",FALSE,FALSE,FALSE,TRUE,FALSE,TRUE
"refRAD.ref_glauca_raxml.bt075",FALSE,FALSE,FALSE,TRUE,FALSE,TRUE
"refRAD.ref_glauca_raxml.bt076",FALSE,FALSE,FALSE,FALSE,FALSE,TRUE
"refRAD.ref_glauca_raxml.bt077",FALSE,FALSE,FALSE,TRUE,TRUE,TRUE
"refRAD.ref_glauca_raxml.bt078",FALSE,FALSE,FALSE,TRUE,TRUE,TRUE
"refRAD.ref_glauca_raxml.bt079",FALSE,FALSE,FALSE,TRUE,FALSE,TRUE
"refRAD.ref_glauca_raxml.bt080",FALSE,FALSE,FALSE,TRUE,TRUE,TRUE
"refRAD.ref_glauca_raxml.bt081",FALSE,FALSE,FALSE,TRUE,FALSE,TRUE
"refRAD.ref_glauca_raxml.bt082",FALSE,FALSE,FALSE,TRUE,TRUE,TRUE
"refRAD.ref_glauca_raxml.bt083",FALSE,FALSE,FALSE,FALSE,TRUE,TRUE
"refRAD.ref_glauca_raxml.bt084",FALSE,FALSE,FALSE,FALSE,TRUE,TRUE
"refRAD.ref_glauca_raxml.bt085",FALSE,FALSE,FALSE,TRUE,FALSE,TRUE
"refRAD.ref_glauca_raxml.bt086",FALSE,FALSE,FALSE,TRUE,FALSE,TRUE
"refRAD.ref_glauca_raxml.bt087",FALSE,FALSE,FALSE,TRUE,FALSE,TRUE
"refRAD.ref_glauca_raxml.bt088",FALSE,FALSE,FALSE,TRUE,FALSE,TRUE
"refRAD.ref_glauca_raxml.bt089",FALSE,FALSE,FALSE,TRUE,FALSE,TRUE
"refRAD.ref_glauca_raxml.bt090",FALSE,FALSE,FALSE,FALSE,FALSE,TRUE
"refRAD.ref_glauca_raxml.bt091",FALSE,FALSE,TRUE,TRUE,FALSE,TRUE
"refRAD.ref_glauca_raxml.bt092",FALSE,FALSE,FALSE,TRUE,FALSE,TRUE
"refRAD.ref_glauca_raxml.bt093",FALSE,FALSE,TRUE,TRUE,FALSE,TRUE
"refRAD.ref_glauca_raxml.bt094",FALSE,FALSE,TRUE,FALSE,FALSE,TRUE
"refRAD.ref_glauca_raxml.bt095",FALSE,FALSE,TRUE,TRUE,FALSE,TRUE
"refRAD.ref_glauca_raxml.bt096",FALSE,FALSE,TRUE,TRUE,FALSE,TRUE
"refRAD.ref_glauca_raxml.bt097",FALSE,FALSE,FALSE,TRUE,FALSE,TRUE
"refRAD.ref_glauca_raxml.bt098",FALSE,FALSE,FALSE,TRUE,FALSE,TRUE
"refRAD.ref_glauca_raxml.bt099",FALSE,FALSE,TRUE,TRUE,FALSE,FALSE
"refRAD.ref_glauca_raxml.bt100",FALSE,FALSE,FALSE,TRUE,FALSE,TRUE
"refRAD.ref_longispica_raxml.bt001",FALSE,FALSE,TRUE,FALSE,FALSE,TRUE
"refRAD.ref_longispica_raxml.bt002",FALSE,FALSE,TRUE,FALSE,FALSE,TRUE
"refRAD.ref_longispica_raxml.bt003",FALSE,FALSE,TRUE,FALSE,FALSE,TRUE
"refRAD.ref_longispica_raxml.bt004",FALSE,FALSE,TRUE,FALSE,FALSE,FALSE
"refRAD.ref_longispica_raxml.bt005",FALSE,FALSE,TRUE,FALSE,FALSE,TRUE
"refRAD.ref_longispica_raxml.bt006",FALSE,FALSE,TRUE,FALSE,FALSE,TRUE
"refRAD.ref_longispica_raxml.bt007",FALSE,FALSE,TRUE,FALSE,FALSE,TRUE
"refRAD.ref_longispica_raxml.bt008",FALSE,FALSE,TRUE,TRUE,FALSE,TRUE
"refRAD.ref_longispica_raxml.bt009",FALSE,FALSE,TRUE,FALSE,FALSE,TRUE
"refRAD.ref_longispica_raxml.bt010",FALSE,FALSE,TRUE,FALSE,FALSE,TRUE
"refRAD.ref_longispica_raxml.bt011",FALSE,FALSE,FALSE,FALSE,FALSE,TRUE
"refRAD.ref_longispica_raxml.bt012",FALSE,FALSE,FALSE,FALSE,FALSE,TRUE
"refRAD.ref_longispica_raxml.bt013",FALSE,FALSE,FALSE,FALSE,FALSE,TRUE
"refRAD.ref_longispica_raxml.bt014",FALSE,FALSE,FALSE,FALSE,FALSE,TRUE
"refRAD.ref_longispica_raxml.bt015",FALSE,FALSE,FALSE,FALSE,TRUE,TRUE
"refRAD.ref_longispica_raxml.bt016",FALSE,FALSE,FALSE,FALSE,FALSE,TRUE
"refRAD.ref_longispica_raxml.bt017",FALSE,FALSE,FALSE,TRUE,FALSE,TRUE
"refRAD.ref_longispica_raxml.bt018",FALSE,FALSE,FALSE,TRUE,FALSE,TRUE
"refRAD.ref_longispica_raxml.bt019",FALSE,FALSE,FALSE,FALSE,FALSE,TRUE
"refRAD.ref_longispica_raxml.bt020",FALSE,FALSE,FALSE,FALSE,FALSE,TRUE
"refRAD.ref_longispica_raxml.bt021",FALSE,FALSE,FALSE,FALSE,TRUE,TRUE
"refRAD.ref_longispica_raxml.bt022",FALSE,FALSE,TRUE,FALSE,FALSE,TRUE
"refRAD.ref_longispica_raxml.bt023",FALSE,FALSE,FALSE,FALSE,FALSE,TRUE
"refRAD.ref_longispica_raxml.bt024",FALSE,FALSE,FALSE,FALSE,FALSE,TRUE
"refRAD.ref_longispica_raxml.bt025",FALSE,FALSE,FALSE,FALSE,FALSE,TRUE
"refRAD.ref_longispica_raxml.bt026",FALSE,FALSE,FALSE,FALSE,FALSE,TRUE
"refRAD.ref_longispica_raxml.bt027",FALSE,FALSE,FALSE,FALSE,FALSE,TRUE
"refRAD.ref_longispica_raxml.bt028",FALSE,FALSE,FALSE,FALSE,FALSE,TRUE
"refRAD.ref_longispica_raxml.bt029",FALSE,FALSE,FALSE,FALSE,TRUE,TRUE
"refRAD.ref_longispica_raxml.bt030",FALSE,FALSE,TRUE,FALSE,FALSE,TRUE
"refRAD.ref_longispica_raxml.bt031",FALSE,FALSE,FALSE,FALSE,FALSE,TRUE
"refRAD.ref_longispica_raxml.bt032",FALSE,FALSE,FALSE,TRUE,FALSE,TRUE
"refRAD.ref_longispica_raxml.bt033",FALSE,FALSE,FALSE,FALSE,FALSE,TRUE
"refRAD.ref_longispica_raxml.bt034",FALSE,FALSE,FALSE,FALSE,FALSE,TRUE
"refRAD.ref_longispica_raxml.bt035",FALSE,FALSE,FALSE,FALSE,FALSE,TRUE
"refRAD.ref_longispica_raxml.bt036",FALSE,FALSE,FALSE,FALSE,FALSE,TRUE
"refRAD.ref_longispica_raxml.bt037",FALSE,FALSE,FALSE,FALSE,TRUE,TRUE
"refRAD.ref_longispica_raxml.bt038",FALSE,FALSE,FALSE,FALSE,TRUE,TRUE
"refRAD.ref_longispica_raxml.bt039",FALSE,FALSE,FALSE,FALSE,TRUE,TRUE
"refRAD.ref_longispica_raxml.bt040",FALSE,FALSE,TRUE,TRUE,TRUE,TRUE
"refRAD.ref_longispica_raxml.bt041",FALSE,FALSE,FALSE,FALSE,TRUE,TRUE
"refRAD.ref_longispica_raxml.bt042",FALSE,FALSE,FALSE,FALSE,TRUE,TRUE
"refRAD.ref_longispica_raxml.bt043",FALSE,FALSE,FALSE,FALSE,TRUE,TRUE
"refRAD.ref_longispica_raxml.bt044",FALSE,FALSE,FALSE,FALSE,FALSE,TRUE
"refRAD.ref_longispica_raxml.bt045",FALSE,FALSE,FALSE,FALSE,FALSE,TRUE
"refRAD.ref_longispica_raxml.bt046",FALSE,FALSE,FALSE,FALSE,FALSE,TRUE
"refRAD.ref_longispica_raxml.bt047",FALSE,FALSE,FALSE,FALSE,FALSE,TRUE
"refRAD.ref_longispica_raxml.bt048",FALSE,FALSE,FALSE,FALSE,FALSE,TRUE
"refRAD.ref_longispica_raxml.bt049",FALSE,FALSE,FALSE,FALSE,FALSE,TRUE
"refRAD.ref_longispica_raxml.bt050",FALSE,FALSE,FALSE,FALSE,FALSE,TRUE
"refRAD.ref_longispica_raxml.bt051",FALSE,FALSE,TRUE,FALSE,FALSE,TRUE
"refRAD.ref_longispica_raxml.bt052",FALSE,FALSE,TRUE,TRUE,FALSE,TRUE
"refRAD.ref_longispica_raxml.bt053",FALSE,FALSE,FALSE,FALSE,FALSE,TRUE
"refRAD.ref_longispica_raxml.bt054",FALSE,FALSE,FALSE,FALSE,FALSE,TRUE
"refRAD.ref_longispica_raxml.bt055",FALSE,FALSE,FALSE,FALSE,FALSE,TRUE
"refRAD.ref_longispica_raxml.bt056",FALSE,FALSE,FALSE,FALSE,FALSE,TRUE
"refRAD.ref_longispica_raxml.bt057",FALSE,FALSE,FALSE,FALSE,FALSE,TRUE
"refRAD.ref_longispica_raxml.bt058",FALSE,FALSE,FALSE,FALSE,FALSE,TRUE
"refRAD.ref_longispica_raxml.bt059",FALSE,FALSE,FALSE,FALSE,FALSE,TRUE
"refRAD.ref_longispica_raxml.bt060",FALSE,FALSE,FALSE,FALSE,FALSE,FALSE
"refRAD.ref_longispica_raxml.bt061",FALSE,FALSE,FALSE,FALSE,TRUE,FALSE
"refRAD.ref_longispica_raxml.bt062",FALSE,FALSE,FALSE,FALSE,FALSE,TRUE
"refRAD.ref_longispica_raxml.bt063",FALSE,FALSE,TRUE,FALSE,FALSE,TRUE
"refRAD.ref_longispica_raxml.bt064",FALSE,FALSE,TRUE,FALSE,FALSE,TRUE
"refRAD.ref_longispica_raxml.bt065",FALSE,FALSE,TRUE,FALSE,FALSE,TRUE
"refRAD.ref_longispica_raxml.bt066",FALSE,FALSE,TRUE,TRUE,FALSE,TRUE
"refRAD.ref_longispica_raxml.bt067",FALSE,FALSE,TRUE,FALSE,FALSE,TRUE
"refRAD.ref_longispica_raxml.bt068",FALSE,FALSE,TRUE,FALSE,FALSE,TRUE
"refRAD.ref_longispica_raxml.bt069",FALSE,FALSE,TRUE,FALSE,FALSE,TRUE
"refRAD.ref_longispica_raxml.bt070",FALSE,FALSE,FALSE,FALSE,TRUE,FALSE
"refRAD.ref_longispica_raxml.bt071",FALSE,FALSE,FALSE,FALSE,FALSE,TRUE
"refRAD.ref_longispica_raxml.bt072",FALSE,FALSE,FALSE,FALSE,FALSE,TRUE
"refRAD.ref_longispica_raxml.bt073",FALSE,FALSE,FALSE,FALSE,TRUE,TRUE
"refRAD.ref_longispica_raxml.bt074",FALSE,FALSE,FALSE,FALSE,TRUE,TRUE
"refRAD.ref_longispica_raxml.bt075",FALSE,FALSE,FALSE,TRUE,TRUE,TRUE
"refRAD.ref_longispica_raxml.bt076",FALSE,FALSE,FALSE,FALSE,FALSE,TRUE
"refRAD.ref_longispica_raxml.bt077",FALSE,FALSE,FALSE,FALSE,FALSE,TRUE
"refRAD.ref_longispica_raxml.bt078",FALSE,FALSE,FALSE,FALSE,FALSE,TRUE
"refRAD.ref_longispica_raxml.bt079",FALSE,FALSE,FALSE,FALSE,FALSE,TRUE
"refRAD.ref_longispica_raxml.bt080",FALSE,FALSE,FALSE,FALSE,FALSE,TRUE
"refRAD.ref_longispica_raxml.bt081",FALSE,FALSE,TRUE,FALSE,FALSE,TRUE
"refRAD.ref_longispica_raxml.bt082",FALSE,FALSE,TRUE,FALSE,FALSE,TRUE
"refRAD.ref_longispica_raxml.bt083",FALSE,FALSE,TRUE,FALSE,FALSE,TRUE
"refRAD.ref_longispica_raxml.bt084",FALSE,FALSE,TRUE,FALSE,FALSE,TRUE
"refRAD.ref_longispica_raxml.bt085",FALSE,FALSE,TRUE,FALSE,FALSE,TRUE
"refRAD.ref_longispica_raxml.bt086",FALSE,FALSE,FALSE,FALSE,FALSE,TRUE
"refRAD.ref_longispica_raxml.bt087",FALSE,FALSE,FALSE,FALSE,FALSE,TRUE
"refRAD.ref_longispica_raxml.bt088",FALSE,FALSE,FALSE,FALSE,FALSE,TRUE
"refRAD.ref_longispica_raxml.bt089",FALSE,FALSE,FALSE,TRUE,FALSE,TRUE
"refRAD.ref_longispica_raxml.bt090",FALSE,FALSE,FALSE,TRUE,FALSE,TRUE
"refRAD.ref_longispica_raxml.bt091",FALSE,FALSE,TRUE,FALSE,FALSE,TRUE
"refRAD.ref_longispica_raxml.bt092",FALSE,FALSE,TRUE,FALSE,FALSE,TRUE
"refRAD.ref_longispica_raxml.bt093",FALSE,FALSE,TRUE,FALSE,FALSE,TRUE
"refRAD.ref_longispica_raxml.bt094",FALSE,FALSE,FALSE,FALSE,FALSE,TRUE
"refRAD.ref_longispica_raxml.bt095",FALSE,FALSE,TRUE,FALSE,FALSE,TRUE
"refRAD.ref_longispica_raxml.bt096",FALSE,FALSE,TRUE,FALSE,FALSE,TRUE
"refRAD.ref_longispica_raxml.bt097",FALSE,FALSE,FALSE,TRUE,FALSE,FALSE
"refRAD.ref_longispica_raxml.bt098",FALSE,FALSE,FALSE,FALSE,FALSE,TRUE
"refRAD.ref_longispica_raxml.bt099",FALSE,FALSE,TRUE,FALSE,TRUE,TRUE
"refRAD.ref_longispica_raxml.bt100",FALSE,FALSE,TRUE,FALSE,FALSE,TRUE
"refRAD.ref_rubra_raxml.bt001",FALSE,FALSE,FALSE,TRUE,FALSE,TRUE
"refRAD.ref_rubra_raxml.bt002",FALSE,FALSE,FALSE,TRUE,TRUE,TRUE
"refRAD.ref_rubra_raxml.bt003",FALSE,FALSE,FALSE,FALSE,FALSE,TRUE
"refRAD.ref_rubra_raxml.bt004",FALSE,FALSE,TRUE,FALSE,TRUE,TRUE
"refRAD.ref_rubra_raxml.bt005",FALSE,FALSE,TRUE,FALSE,FALSE,TRUE
"refRAD.ref_rubra_raxml.bt006",FALSE,FALSE,FALSE,FALSE,FALSE,TRUE
"refRAD.ref_rubra_raxml.bt007",FALSE,FALSE,TRUE,TRUE,FALSE,TRUE
"refRAD.ref_rubra_raxml.bt008",FALSE,FALSE,TRUE,FALSE,TRUE,TRUE
"refRAD.ref_rubra_raxml.bt009",FALSE,FALSE,FALSE,FALSE,TRUE,FALSE
"refRAD.ref_rubra_raxml.bt010",FALSE,FALSE,TRUE,TRUE,FALSE,TRUE
"refRAD.ref_rubra_raxml.bt011",FALSE,FALSE,FALSE,FALSE,FALSE,TRUE
"refRAD.ref_rubra_raxml.bt012",FALSE,FALSE,TRUE,TRUE,FALSE,TRUE
"refRAD.ref_rubra_raxml.bt013",FALSE,FALSE,FALSE,FALSE,FALSE,TRUE
"refRAD.ref_rubra_raxml.bt014",FALSE,FALSE,TRUE,FALSE,FALSE,TRUE
"refRAD.ref_rubra_raxml.bt015",FALSE,FALSE,TRUE,TRUE,FALSE,TRUE
"refRAD.ref_rubra_raxml.bt016",FALSE,FALSE,TRUE,TRUE,FALSE,TRUE
"refRAD.ref_rubra_raxml.bt017",FALSE,FALSE,TRUE,TRUE,FALSE,TRUE
"refRAD.ref_rubra_raxml.bt018",FALSE,FALSE,TRUE,FALSE,FALSE,TRUE
"refRAD.ref_rubra_raxml.bt019",FALSE,FALSE,TRUE,FALSE,FALSE,TRUE
"refRAD.ref_rubra_raxml.bt020",FALSE,FALSE,FALSE,TRUE,FALSE,TRUE
"refRAD.ref_rubra_raxml.bt021",FALSE,FALSE,TRUE,TRUE,FALSE,TRUE
"refRAD.ref_rubra_raxml.bt022",FALSE,FALSE,FALSE,TRUE,FALSE,TRUE
"refRAD.ref_rubra_raxml.bt023",FALSE,FALSE,FALSE,TRUE,FALSE,TRUE
"refRAD.ref_rubra_raxml.bt024",FALSE,FALSE,TRUE,FALSE,FALSE,TRUE
"refRAD.ref_rubra_raxml.bt025",FALSE,FALSE,TRUE,FALSE,FALSE,TRUE
"refRAD.ref_rubra_raxml.bt026",FALSE,FALSE,TRUE,FALSE,TRUE,TRUE
"refRAD.ref_rubra_raxml.bt027",FALSE,FALSE,TRUE,TRUE,FALSE,TRUE
"refRAD.ref_rubra_raxml.bt028",FALSE,FALSE,FALSE,TRUE,FALSE,TRUE
"refRAD.ref_rubra_raxml.bt029",FALSE,FALSE,FALSE,TRUE,FALSE,TRUE
"refRAD.ref_rubra_raxml.bt030",FALSE,FALSE,TRUE,TRUE,FALSE,TRUE
"refRAD.ref_rubra_raxml.bt031",FALSE,FALSE,FALSE,FALSE,FALSE,TRUE
"refRAD.ref_rubra_raxml.bt032",FALSE,FALSE,FALSE,FALSE,FALSE,TRUE
"refRAD.ref_rubra_raxml.bt033",FALSE,FALSE,FALSE,FALSE,FALSE,TRUE
"refRAD.ref_rubra_raxml.bt034",FALSE,FALSE,FALSE,FALSE,FALSE,TRUE
"refRAD.ref_rubra_raxml.bt035",FALSE,FALSE,FALSE,TRUE,FALSE,TRUE
"refRAD.ref_rubra_raxml.bt036",FALSE,FALSE,FALSE,TRUE,FALSE,TRUE
"refRAD.ref_rubra_raxml.bt037",FALSE,FALSE,TRUE,TRUE,FALSE,TRUE
"refRAD.ref_rubra_raxml.bt038",FALSE,FALSE,TRUE,FALSE,FALSE,TRUE
"refRAD.ref_rubra_raxml.bt039",FALSE,FALSE,FALSE,TRUE,FALSE,TRUE
"refRAD.ref_rubra_raxml.bt040",FALSE,FALSE,FALSE,TRUE,FALSE,TRUE
"refRAD.ref_rubra_raxml.bt041",FALSE,FALSE,FALSE,FALSE,FALSE,TRUE
"refRAD.ref_rubra_raxml.bt042",FALSE,FALSE,FALSE,TRUE,FALSE,TRUE
"refRAD.ref_rubra_raxml.bt043",FALSE,FALSE,FALSE,TRUE,FALSE,TRUE
"refRAD.ref_rubra_raxml.bt044",FALSE,FALSE,FALSE,TRUE,FALSE,TRUE
"refRAD.ref_rubra_raxml.bt045",FALSE,FALSE,FALSE,TRUE,FALSE,TRUE
"refRAD.ref_rubra_raxml.bt046",FALSE,FALSE,FALSE,TRUE,FALSE,TRUE
"refRAD.ref_rubra_raxml.bt047",FALSE,FALSE,FALSE,TRUE,FALSE,TRUE
"refRAD.ref_rubra_raxml.bt048",FALSE,FALSE,FALSE,FALSE,FALSE,TRUE
"refRAD.ref_rubra_raxml.bt049",FALSE,FALSE,FALSE,FALSE,FALSE,TRUE
"refRAD.ref_rubra_raxml.bt050",TRUE,FALSE,TRUE,FALSE,TRUE,FALSE
"refRAD.ref_rubra_raxml.bt051",FALSE,FALSE,FALSE,FALSE,FALSE,TRUE
"refRAD.ref_rubra_raxml.bt052",FALSE,FALSE,FALSE,FALSE,FALSE,TRUE
"refRAD.ref_rubra_raxml.bt053",FALSE,FALSE,FALSE,FALSE,FALSE,TRUE
"refRAD.ref_rubra_raxml.bt054",FALSE,FALSE,FALSE,FALSE,FALSE,TRUE
"refRAD.ref_rubra_raxml.bt055",FALSE,FALSE,FALSE,FALSE,FALSE,TRUE
"refRAD.ref_rubra_raxml.bt056",FALSE,FALSE,FALSE,FALSE,FALSE,TRUE
"refRAD.ref_rubra_raxml.bt057",FALSE,FALSE,FALSE,FALSE,FALSE,TRUE
"refRAD.ref_rubra_raxml.bt058",FALSE,FALSE,FALSE,FALSE,FALSE,TRUE
"refRAD.ref_rubra_raxml.bt059",FALSE,FALSE,FALSE,FALSE,FALSE,TRUE
"refRAD.ref_rubra_raxml.bt060",FALSE,FALSE,TRUE,TRUE,FALSE,TRUE
"refRAD.ref_rubra_raxml.bt061",FALSE,TRUE,TRUE,TRUE,FALSE,TRUE
"refRAD.ref_rubra_raxml.bt062",FALSE,FALSE,FALSE,TRUE,FALSE,TRUE
"refRAD.ref_rubra_raxml.bt063",FALSE,FALSE,FALSE,FALSE,TRUE,TRUE
"refRAD.ref_rubra_raxml.bt064",FALSE,FALSE,FALSE,TRUE,FALSE,TRUE
"refRAD.ref_rubra_raxml.bt065",FALSE,FALSE,FALSE,FALSE,FALSE,TRUE
"refRAD.ref_rubra_raxml.bt066",FALSE,FALSE,FALSE,FALSE,FALSE,TRUE
"refRAD.ref_rubra_raxml.bt067",FALSE,FALSE,FALSE,FALSE,FALSE,TRUE
"refRAD.ref_rubra_raxml.bt068",FALSE,FALSE,TRUE,FALSE,TRUE,FALSE
"refRAD.ref_rubra_raxml.bt069",FALSE,FALSE,FALSE,FALSE,FALSE,TRUE
"refRAD.ref_rubra_raxml.bt070",FALSE,FALSE,TRUE,TRUE,FALSE,TRUE
"refRAD.ref_rubra_raxml.bt071",FALSE,FALSE,FALSE,TRUE,FALSE,TRUE
"refRAD.ref_rubra_raxml.bt072",FALSE,FALSE,FALSE,FALSE,FALSE,TRUE
"refRAD.ref_rubra_raxml.bt073",FALSE,FALSE,FALSE,FALSE,FALSE,TRUE
"refRAD.ref_rubra_raxml.bt074",FALSE,FALSE,TRUE,TRUE,FALSE,TRUE
"refRAD.ref_rubra_raxml.bt075",FALSE,FALSE,TRUE,TRUE,FALSE,TRUE
"refRAD.ref_rubra_raxml.bt076",FALSE,FALSE,FALSE,TRUE,FALSE,TRUE
"refRAD.ref_rubra_raxml.bt077",FALSE,FALSE,FALSE,FALSE,FALSE,TRUE
"refRAD.ref_rubra_raxml.bt078",FALSE,FALSE,FALSE,FALSE,FALSE,TRUE
"refRAD.ref_rubra_raxml.bt079",FALSE,FALSE,FALSE,FALSE,FALSE,TRUE
"refRAD.ref_rubra_raxml.bt080",FALSE,FALSE,FALSE,FALSE,TRUE,TRUE
"refRAD.ref_rubra_raxml.bt081",FALSE,FALSE,FALSE,FALSE,FALSE,TRUE
"refRAD.ref_rubra_raxml.bt082",FALSE,FALSE,TRUE,FALSE,FALSE,TRUE
"refRAD.ref_rubra_raxml.bt083",FALSE,FALSE,FALSE,FALSE,FALSE,TRUE
"refRAD.ref_rubra_raxml.bt084",FALSE,FALSE,FALSE,FALSE,TRUE,TRUE
"refRAD.ref_rubra_raxml.bt085",FALSE,FALSE,FALSE,FALSE,FALSE,TRUE
"refRAD.ref_rubra_raxml.bt086",FALSE,FALSE,FALSE,FALSE,FALSE,TRUE
"refRAD.ref_rubra_raxml.bt087",FALSE,FALSE,FALSE,FALSE,FALSE,TRUE
"refRAD.ref_rubra_raxml.bt088",FALSE,FALSE,FALSE,FALSE,FALSE,TRUE
"refRAD.ref_rubra_raxml.bt089",FALSE,FALSE,FALSE,FALSE,FALSE,TRUE
"refRAD.ref_rubra_raxml.bt090",FALSE,FALSE,FALSE,FALSE,FALSE,TRUE
"refRAD.ref_rubra_raxml.bt091",TRUE,TRUE,TRUE,FALSE,TRUE,FALSE
"refRAD.ref_rubra_raxml.bt092",FALSE,FALSE,TRUE,FALSE,FALSE,TRUE
"refRAD.ref_rubra_raxml.bt093",FALSE,FALSE,FALSE,FALSE,TRUE,FALSE
"refRAD.ref_rubra_raxml.bt094",FALSE,FALSE,FALSE,FALSE,FALSE,TRUE
"refRAD.ref_rubra_raxml.bt095",FALSE,FALSE,FALSE,FALSE,FALSE,TRUE
"refRAD.ref_rubra_raxml.bt096",FALSE,FALSE,FALSE,TRUE,FALSE,TRUE
"refRAD.ref_rubra_raxml.bt097",FALSE,FALSE,TRUE,TRUE,FALSE,TRUE
"refRAD.ref_rubra_raxml.bt098",FALSE,FALSE,FALSE,FALSE,FALSE,TRUE
"refRAD.ref_rubra_raxml.bt099",FALSE,FALSE,TRUE,FALSE,FALSE,TRUE
"refRAD.ref_rubra_raxml.bt100",FALSE,FALSE,FALSE,TRUE,FALSE,TRUE
"refRAD.ref_tomentella_raxml.bt001",FALSE,FALSE,FALSE,TRUE,FALSE,TRUE
"refRAD.ref_tomentella_raxml.bt002",FALSE,FALSE,FALSE,FALSE,FALSE,TRUE
"refRAD.ref_tomentella_raxml.bt003",FALSE,FALSE,FALSE,TRUE,FALSE,TRUE
"refRAD.ref_tomentella_raxml.bt004",FALSE,FALSE,FALSE,FALSE,FALSE,TRUE
"refRAD.ref_tomentella_raxml.bt005",FALSE,FALSE,FALSE,FALSE,FALSE,TRUE
"refRAD.ref_tomentella_raxml.bt006",FALSE,FALSE,FALSE,FALSE,FALSE,TRUE
"refRAD.ref_tomentella_raxml.bt007",FALSE,FALSE,FALSE,FALSE,FALSE,TRUE
"refRAD.ref_tomentella_raxml.bt008",FALSE,FALSE,FALSE,FALSE,FALSE,TRUE
"refRAD.ref_tomentella_raxml.bt009",FALSE,FALSE,FALSE,TRUE,TRUE,TRUE
"refRAD.ref_tomentella_raxml.bt010",FALSE,FALSE,FALSE,TRUE,TRUE,TRUE
"refRAD.ref_tomentella_raxml.bt011",FALSE,FALSE,FALSE,TRUE,FALSE,TRUE
"refRAD.ref_tomentella_raxml.bt012",FALSE,FALSE,FALSE,FALSE,FALSE,TRUE
"refRAD.ref_tomentella_raxml.bt013",FALSE,FALSE,FALSE,FALSE,TRUE,FALSE
"refRAD.ref_tomentella_raxml.bt014",FALSE,FALSE,FALSE,FALSE,FALSE,TRUE
"refRAD.ref_tomentella_raxml.bt015",FALSE,FALSE,FALSE,FALSE,FALSE,TRUE
"refRAD.ref_tomentella_raxml.bt016",FALSE,FALSE,FALSE,TRUE,FALSE,TRUE
"refRAD.ref_tomentella_raxml.bt017",FALSE,FALSE,FALSE,FALSE,FALSE,TRUE
"refRAD.ref_tomentella_raxml.bt018",FALSE,FALSE,FALSE,TRUE,FALSE,TRUE
"refRAD.ref_tomentella_raxml.bt019",FALSE,FALSE,FALSE,FALSE,FALSE,TRUE
"refRAD.ref_tomentella_raxml.bt020",FALSE,FALSE,FALSE,FALSE,FALSE,TRUE
"refRAD.ref_tomentella_raxml.bt021",FALSE,FALSE,FALSE,FALSE,FALSE,TRUE
"refRAD.ref_tomentella_raxml.bt022",FALSE,FALSE,FALSE,TRUE,FALSE,TRUE
"refRAD.ref_tomentella_raxml.bt023",FALSE,FALSE,FALSE,FALSE,FALSE,TRUE
"refRAD.ref_tomentella_raxml.bt024",FALSE,FALSE,FALSE,FALSE,TRUE,FALSE
"refRAD.ref_tomentella_raxml.bt025",FALSE,FALSE,FALSE,FALSE,FALSE,FALSE
"refRAD.ref_tomentella_raxml.bt026",FALSE,FALSE,FALSE,FALSE,FALSE,TRUE
"refRAD.ref_tomentella_raxml.bt027",FALSE,FALSE,FALSE,FALSE,FALSE,TRUE
"refRAD.ref_tomentella_raxml.bt028",FALSE,FALSE,FALSE,FALSE,TRUE,TRUE
"refRAD.ref_tomentella_raxml.bt029",FALSE,FALSE,FALSE,FALSE,TRUE,TRUE
"refRAD.ref_tomentella_raxml.bt030",FALSE,FALSE,FALSE,FALSE,TRUE,TRUE
"refRAD.ref_tomentella_raxml.bt031",FALSE,FALSE,FALSE,FALSE,FALSE,TRUE
"refRAD.ref_tomentella_raxml.bt032",FALSE,FALSE,FALSE,FALSE,TRUE,TRUE
"refRAD.ref_tomentella_raxml.bt033",FALSE,FALSE,FALSE,FALSE,TRUE,TRUE
"refRAD.ref_tomentella_raxml.bt034",FALSE,FALSE,FALSE,TRUE,FALSE,TRUE
"refRAD.ref_tomentella_raxml.bt035",FALSE,FALSE,FALSE,FALSE,TRUE,FALSE
"refRAD.ref_tomentella_raxml.bt036",FALSE,FALSE,FALSE,FALSE,TRUE,FALSE
"refRAD.ref_tomentella_raxml.bt037",FALSE,FALSE,FALSE,FALSE,FALSE,TRUE
"refRAD.ref_tomentella_raxml.bt038",FALSE,FALSE,FALSE,FALSE,FALSE,TRUE
"refRAD.ref_tomentella_raxml.bt039",FALSE,FALSE,FALSE,FALSE,TRUE,FALSE
"refRAD.ref_tomentella_raxml.bt040",FALSE,FALSE,FALSE,FALSE,FALSE,TRUE
"refRAD.ref_tomentella_raxml.bt041",FALSE,FALSE,FALSE,TRUE,FALSE,TRUE
"refRAD.ref_tomentella_raxml.bt042",FALSE,FALSE,FALSE,TRUE,FALSE,TRUE
"refRAD.ref_tomentella_raxml.bt043",FALSE,FALSE,FALSE,FALSE,FALSE,TRUE
"refRAD.ref_tomentella_raxml.bt044",FALSE,FALSE,FALSE,FALSE,TRUE,TRUE
"refRAD.ref_tomentella_raxml.bt045",FALSE,FALSE,FALSE,FALSE,TRUE,TRUE
"refRAD.ref_tomentella_raxml.bt046",FALSE,FALSE,FALSE,FALSE,TRUE,TRUE
"refRAD.ref_tomentella_raxml.bt047",FALSE,FALSE,TRUE,FALSE,TRUE,TRUE
"refRAD.ref_tomentella_raxml.bt048",FALSE,FALSE,FALSE,FALSE,FALSE,TRUE
"refRAD.ref_tomentella_raxml.bt049",FALSE,FALSE,FALSE,FALSE,FALSE,TRUE
"refRAD.ref_tomentella_raxml.bt050",FALSE,FALSE,FALSE,FALSE,FALSE,TRUE
"refRAD.ref_tomentella_raxml.bt051",FALSE,FALSE,FALSE,FALSE,FALSE,TRUE
"refRAD.ref_tomentella_raxml.bt052",FALSE,FALSE,FALSE,FALSE,FALSE,TRUE
"refRAD.ref_tomentella_raxml.bt053",FALSE,FALSE,FALSE,FALSE,FALSE,TRUE
"refRAD.ref_tomentella_raxml.bt054",FALSE,FALSE,FALSE,FALSE,TRUE,FALSE
"refRAD.ref_tomentella_raxml.bt055",FALSE,FALSE,FALSE,FALSE,FALSE,TRUE
"refRAD.ref_tomentella_raxml.bt056",FALSE,FALSE,FALSE,FALSE,FALSE,TRUE
"refRAD.ref_tomentella_raxml.bt057",FALSE,FALSE,FALSE,FALSE,FALSE,TRUE
"refRAD.ref_tomentella_raxml.bt058",FALSE,FALSE,FALSE,FALSE,FALSE,TRUE
"refRAD.ref_tomentella_raxml.bt059",FALSE,FALSE,FALSE,FALSE,TRUE,TRUE
"refRAD.ref_tomentella_raxml.bt060",FALSE,FALSE,FALSE,FALSE,TRUE,FALSE
"refRAD.ref_tomentella_raxml.bt061",FALSE,FALSE,FALSE,FALSE,FALSE,TRUE
"refRAD.ref_tomentella_raxml.bt062",FALSE,FALSE,FALSE,FALSE,FALSE,TRUE
"refRAD.ref_tomentella_raxml.bt063",FALSE,FALSE,FALSE,FALSE,TRUE,TRUE
"refRAD.ref_tomentella_raxml.bt064",FALSE,FALSE,FALSE,FALSE,TRUE,FALSE
"refRAD.ref_tomentella_raxml.bt065",FALSE,FALSE,FALSE,TRUE,FALSE,TRUE
"refRAD.ref_tomentella_raxml.bt066",FALSE,FALSE,FALSE,FALSE,FALSE,TRUE
"refRAD.ref_tomentella_raxml.bt067",FALSE,FALSE,FALSE,FALSE,FALSE,TRUE
"refRAD.ref_tomentella_raxml.bt068",FALSE,FALSE,FALSE,FALSE,FALSE,TRUE
"refRAD.ref_tomentella_raxml.bt069",FALSE,FALSE,FALSE,FALSE,TRUE,FALSE
"refRAD.ref_tomentella_raxml.bt070",FALSE,FALSE,FALSE,FALSE,FALSE,TRUE
"refRAD.ref_tomentella_raxml.bt071",FALSE,FALSE,TRUE,FALSE,FALSE,TRUE
"refRAD.ref_tomentella_raxml.bt072",FALSE,FALSE,FALSE,FALSE,FALSE,TRUE
"refRAD.ref_tomentella_raxml.bt073",FALSE,FALSE,FALSE,FALSE,FALSE,TRUE
"refRAD.ref_tomentella_raxml.bt074",FALSE,FALSE,FALSE,TRUE,FALSE,TRUE
"refRAD.ref_tomentella_raxml.bt075",FALSE,FALSE,FALSE,TRUE,FALSE,TRUE
"refRAD.ref_tomentella_raxml.bt076",FALSE,FALSE,FALSE,TRUE,FALSE,TRUE
"refRAD.ref_tomentella_raxml.bt077",FALSE,FALSE,FALSE,FALSE,FALSE,TRUE
"refRAD.ref_tomentella_raxml.bt078",FALSE,FALSE,FALSE,FALSE,FALSE,TRUE
"refRAD.ref_tomentella_raxml.bt079",FALSE,FALSE,FALSE,FALSE,FALSE,TRUE
"refRAD.ref_tomentella_raxml.bt080",FALSE,FALSE,FALSE,TRUE,TRUE,FALSE
"refRAD.ref_tomentella_raxml.bt081",FALSE,FALSE,FALSE,FALSE,FALSE,TRUE
"refRAD.ref_tomentella_raxml.bt082",FALSE,FALSE,FALSE,FALSE,FALSE,TRUE
"refRAD.ref_tomentella_raxml.bt083",FALSE,FALSE,FALSE,FALSE,TRUE,TRUE
"refRAD.ref_tomentella_raxml.bt084",FALSE,FALSE,FALSE,FALSE,TRUE,TRUE
"refRAD.ref_tomentella_raxml.bt085",FALSE,FALSE,FALSE,FALSE,FALSE,TRUE
"refRAD.ref_tomentella_raxml.bt086",FALSE,FALSE,FALSE,FALSE,FALSE,TRUE
"refRAD.ref_tomentella_raxml.bt087",FALSE,FALSE,FALSE,FALSE,FALSE,TRUE
"refRAD.ref_tomentella_raxml.bt088",FALSE,FALSE,FALSE,FALSE,TRUE,TRUE
"refRAD.ref_tomentella_raxml.bt089",FALSE,FALSE,FALSE,FALSE,FALSE,TRUE
"refRAD.ref_tomentella_raxml.bt090",FALSE,FALSE,FALSE,TRUE,FALSE,FALSE
"refRAD.ref_tomentella_raxml.bt091",FALSE,FALSE,FALSE,TRUE,FALSE,TRUE
"refRAD.ref_tomentella_raxml.bt092",FALSE,FALSE,FALSE,FALSE,TRUE,TRUE
"refRAD.ref_tomentella_raxml.bt093",FALSE,FALSE,FALSE,FALSE,TRUE,TRUE
"refRAD.ref_tomentella_raxml.bt094",FALSE,FALSE,FALSE,FALSE,FALSE,TRUE
"refRAD.ref_tomentella_raxml.bt095",FALSE,FALSE,FALSE,FALSE,FALSE,TRUE
"refRAD.ref_tomentella_raxml.bt096",FALSE,FALSE,FALSE,FALSE,TRUE,TRUE
"refRAD.ref_tomentella_raxml.bt097",FALSE,FALSE,FALSE,TRUE,FALSE,TRUE
"refRAD.ref_tomentella_raxml.bt098",FALSE,FALSE,TRUE,TRUE,TRUE,TRUE
"refRAD.ref_tomentella_raxml.bt099",FALSE,FALSE,FALSE,FALSE,TRUE,FALSE
"refRAD.ref_tomentella_raxml.bt100",FALSE,FALSE,TRUE,FALSE,FALSE,TRUE
"refRAD.ref_variablis_raxml.bt001",FALSE,FALSE,TRUE,FALSE,FALSE,TRUE
"refRAD.ref_variablis_raxml.bt002",FALSE,FALSE,FALSE,FALSE,FALSE,TRUE
"refRAD.ref_variablis_raxml.bt003",FALSE,FALSE,FALSE,TRUE,FALSE,TRUE
"refRAD.ref_variablis_raxml.bt004",FALSE,FALSE,TRUE,FALSE,FALSE,TRUE
"refRAD.ref_variablis_raxml.bt005",FALSE,FALSE,TRUE,FALSE,FALSE,TRUE
"refRAD.ref_variablis_raxml.bt006",FALSE,FALSE,TRUE,TRUE,FALSE,TRUE
"refRAD.ref_variablis_raxml.bt007",FALSE,FALSE,TRUE,TRUE,FALSE,TRUE
"refRAD.ref_variablis_raxml.bt008",FALSE,FALSE,TRUE,TRUE,FALSE,TRUE
"refRAD.ref_variablis_raxml.bt009",FALSE,FALSE,TRUE,TRUE,FALSE,TRUE
"refRAD.ref_variablis_raxml.bt010",FALSE,FALSE,FALSE,FALSE,FALSE,TRUE
"refRAD.ref_variablis_raxml.bt011",FALSE,FALSE,TRUE,FALSE,FALSE,TRUE
"refRAD.ref_variablis_raxml.bt012",FALSE,FALSE,FALSE,FALSE,FALSE,TRUE
"refRAD.ref_variablis_raxml.bt013",FALSE,FALSE,TRUE,FALSE,FALSE,TRUE
"refRAD.ref_variablis_raxml.bt014",FALSE,FALSE,FALSE,FALSE,FALSE,TRUE
"refRAD.ref_variablis_raxml.bt015",FALSE,FALSE,TRUE,TRUE,FALSE,TRUE
"refRAD.ref_variablis_raxml.bt016",FALSE,FALSE,TRUE,FALSE,FALSE,TRUE
"refRAD.ref_variablis_raxml.bt017",FALSE,FALSE,FALSE,FALSE,FALSE,TRUE
"refRAD.ref_variablis_raxml.bt018",FALSE,FALSE,FALSE,FALSE,FALSE,TRUE
"refRAD.ref_variablis_raxml.bt019",FALSE,FALSE,FALSE,FALSE,FALSE,TRUE
"refRAD.ref_variablis_raxml.bt020",FALSE,FALSE,FALSE,FALSE,FALSE,TRUE
"refRAD.ref_variablis_raxml.bt021",FALSE,FALSE,FALSE,FALSE,FALSE,TRUE
"refRAD.ref_variablis_raxml.bt022",FALSE,FALSE,FALSE,FALSE,FALSE,TRUE
"refRAD.ref_variablis_raxml.bt023",FALSE,FALSE,FALSE,TRUE,FALSE,TRUE
"refRAD.ref_variablis_raxml.bt024",FALSE,FALSE,TRUE,TRUE,FALSE,TRUE
"refRAD.ref_variablis_raxml.bt025",FALSE,FALSE,FALSE,FALSE,FALSE,TRUE
"refRAD.ref_variablis_raxml.bt026",FALSE,FALSE,FALSE,FALSE,FALSE,TRUE
"refRAD.ref_variablis_raxml.bt027",FALSE,FALSE,FALSE,FALSE,FALSE,TRUE
"refRAD.ref_variablis_raxml.bt028",FALSE,FALSE,FALSE,FALSE,FALSE,TRUE
"refRAD.ref_variablis_raxml.bt029",FALSE,FALSE,TRUE,FALSE,FALSE,TRUE
"refRAD.ref_variablis_raxml.bt030",FALSE,FALSE,TRUE,FALSE,FALSE,TRUE
"refRAD.ref_variablis_raxml.bt031",FALSE,FALSE,FALSE,FALSE,TRUE,FALSE
"refRAD.ref_variablis_raxml.bt032",FALSE,FALSE,FALSE,TRUE,FALSE,TRUE
"refRAD.ref_variablis_raxml.bt033",FALSE,FALSE,FALSE,FALSE,FALSE,TRUE
"refRAD.ref_variablis_raxml.bt034",FALSE,TRUE,TRUE,FALSE,TRUE,FALSE
"refRAD.ref_variablis_raxml.bt035",FALSE,FALSE,FALSE,TRUE,FALSE,TRUE
"refRAD.ref_variablis_raxml.bt036",FALSE,FALSE,FALSE,FALSE,FALSE,FALSE
"refRAD.ref_variablis_raxml.bt037",FALSE,FALSE,FALSE,FALSE,FALSE,FALSE
"refRAD.ref_variablis_raxml.bt038",FALSE,FALSE,FALSE,TRUE,FALSE,TRUE
"refRAD.ref_variablis_raxml.bt039",FALSE,FALSE,FALSE,FALSE,FALSE,FALSE
"refRAD.ref_variablis_raxml.bt040",TRUE,FALSE,TRUE,FALSE,TRUE,FALSE
"refRAD.ref_variablis_raxml.bt041",FALSE,FALSE,FALSE,FALSE,FALSE,TRUE
"refRAD.ref_variablis_raxml.bt042",FALSE,FALSE,FALSE,TRUE,FALSE,TRUE
"refRAD.ref_variablis_raxml.bt043",FALSE,FALSE,FALSE,FALSE,TRUE,FALSE
"refRAD.ref_variablis_raxml.bt044",FALSE,FALSE,FALSE,TRUE,FALSE,TRUE
"refRAD.ref_variablis_raxml.bt045",FALSE,FALSE,FALSE,FALSE,FALSE,TRUE
"refRAD.ref_variablis_raxml.bt046",FALSE,FALSE,FALSE,TRUE,FALSE,TRUE
"refRAD.ref_variablis_raxml.bt047",FALSE,FALSE,FALSE,TRUE,FALSE,TRUE
"refRAD.ref_variablis_raxml.bt048",FALSE,FALSE,FALSE,FALSE,FALSE,TRUE
"refRAD.ref_variablis_raxml.bt049",FALSE,FALSE,FALSE,FALSE,FALSE,TRUE
"refRAD.ref_variablis_raxml.bt050",FALSE,FALSE,FALSE,FALSE,FALSE,TRUE
"refRAD.ref_variablis_raxml.bt051",FALSE,FALSE,FALSE,TRUE,FALSE,TRUE
"refRAD.ref_variablis_raxml.bt052",FALSE,FALSE,FALSE,FALSE,FALSE,TRUE
"refRAD.ref_variablis_raxml.bt053",FALSE,TRUE,TRUE,FALSE,FALSE,TRUE
"refRAD.ref_variablis_raxml.bt054",FALSE,TRUE,TRUE,FALSE,FALSE,TRUE
"refRAD.ref_variablis_raxml.bt055",FALSE,TRUE,TRUE,TRUE,FALSE,TRUE
"refRAD.ref_variablis_raxml.bt056",FALSE,TRUE,TRUE,TRUE,FALSE,TRUE
"refRAD.ref_variablis_raxml.bt057",FALSE,TRUE,TRUE,FALSE,FALSE,TRUE
"refRAD.ref_variablis_raxml.bt058",FALSE,TRUE,TRUE,TRUE,FALSE,TRUE
"refRAD.ref_variablis_raxml.bt059",FALSE,TRUE,TRUE,TRUE,FALSE,TRUE
"refRAD.ref_variablis_raxml.bt060",FALSE,TRUE,TRUE,TRUE,FALSE,TRUE
"refRAD.ref_variablis_raxml.bt061",FALSE,FALSE,FALSE,FALSE,FALSE,TRUE
"refRAD.ref_variablis_raxml.bt062",FALSE,FALSE,TRUE,FALSE,FALSE,TRUE
"refRAD.ref_variablis_raxml.bt063",FALSE,FALSE,FALSE,FALSE,FALSE,TRUE
"refRAD.ref_variablis_raxml.bt064",FALSE,FALSE,FALSE,FALSE,FALSE,TRUE
"refRAD.ref_variablis_raxml.bt065",FALSE,FALSE,FALSE,TRUE,FALSE,TRUE
"refRAD.ref_variablis_raxml.bt066",FALSE,FALSE,FALSE,FALSE,FALSE,TRUE
"refRAD.ref_variablis_raxml.bt067",FALSE,FALSE,FALSE,FALSE,FALSE,TRUE
"refRAD.ref_variablis_raxml.bt068",FALSE,FALSE,FALSE,FALSE,FALSE,TRUE
"refRAD.ref_variablis_raxml.bt069",FALSE,FALSE,FALSE,TRUE,FALSE,TRUE
"refRAD.ref_variablis_raxml.bt070",FALSE,FALSE,FALSE,TRUE,FALSE,TRUE
"refRAD.ref_variablis_raxml.bt071",FALSE,FALSE,FALSE,TRUE,FALSE,TRUE
"refRAD.ref_variablis_raxml.bt072",FALSE,FALSE,FALSE,TRUE,FALSE,TRUE
"refRAD.ref_variablis_raxml.bt073",FALSE,FALSE,FALSE,FALSE,TRUE,FALSE
"refRAD.ref_variablis_raxml.bt074",FALSE,FALSE,FALSE,FALSE,FALSE,TRUE
"refRAD.ref_variablis_raxml.bt075",FALSE,FALSE,FALSE,TRUE,FALSE,TRUE
"refRAD.ref_variablis_raxml.bt076",FALSE,FALSE,FALSE,TRUE,FALSE,FALSE
"refRAD.ref_variablis_raxml.bt077",FALSE,FALSE,TRUE,TRUE,FALSE,TRUE
"refRAD.ref_variablis_raxml.bt078",FALSE,FALSE,TRUE,FALSE,TRUE,FALSE
"refRAD.ref_variablis_raxml.bt079",FALSE,FALSE,FALSE,FALSE,FALSE,TRUE
"refRAD.ref_variablis_raxml.bt080",FALSE,FALSE,FALSE,FALSE,FALSE,TRUE
"refRAD.ref_variablis_raxml.bt081",FALSE,FALSE,FALSE,FALSE,FALSE,TRUE
"refRAD.ref_variablis_raxml.bt082",FALSE,FALSE,FALSE,FALSE,FALSE,TRUE
"refRAD.ref_variablis_raxml.bt083",FALSE,FALSE,FALSE,FALSE,FALSE,TRUE
"refRAD.ref_variablis_raxml.bt084",FALSE,FALSE,FALSE,FALSE,FALSE,TRUE
"refRAD.ref_variablis_raxml.bt085",FALSE,FALSE,FALSE,FALSE,TRUE,FALSE
"refRAD.ref_variablis_raxml.bt086",FALSE,FALSE,FALSE,TRUE,FALSE,TRUE
"refRAD.ref_variablis_raxml.bt087",FALSE,FALSE,FALSE,TRUE,TRUE,TRUE
"refRAD.ref_variablis_raxml.bt088",FALSE,FALSE,FALSE,TRUE,FALSE,TRUE
"refRAD.ref_variablis_raxml.bt089",FALSE,FALSE,FALSE,TRUE,FALSE,TRUE
"refRAD.ref_variablis_raxml.bt090",FALSE,FALSE,FALSE,FALSE,TRUE,FALSE
"refRAD.ref_variablis_raxml.bt091",FALSE,FALSE,FALSE,FALSE,FALSE,TRUE
"refRAD.ref_variablis_raxml.bt092",FALSE,FALSE,FALSE,FALSE,FALSE,TRUE
"refRAD.ref_variablis_raxml.bt093",FALSE,FALSE,TRUE,FALSE,FALSE,TRUE
"refRAD.ref_variablis_raxml.bt094",FALSE,FALSE,TRUE,FALSE,FALSE,TRUE
"refRAD.ref_variablis_raxml.bt095",FALSE,FALSE,FALSE,TRUE,FALSE,TRUE
"refRAD.ref_variablis_raxml.bt096",FALSE,FALSE,FALSE,FALSE,FALSE,TRUE
"refRAD.ref_variablis_raxml.bt097",FALSE,FALSE,FALSE,FALSE,FALSE,TRUE
"refRAD.ref_variablis_raxml.bt098",FALSE,FALSE,FALSE,FALSE,FALSE,TRUE
"refRAD.ref_variablis_raxml.bt099",FALSE,FALSE,FALSE,FALSE,FALSE,TRUE
"refRAD.ref_variablis_raxml.bt100",FALSE,FALSE,FALSE,FALSE,FALSE,TRUE
"refRAD.ref_virginiana_raxml.bt001",FALSE,FALSE,FALSE,TRUE,FALSE,TRUE
"refRAD.ref_virginiana_raxml.bt002",FALSE,FALSE,FALSE,TRUE,FALSE,TRUE
"refRAD.ref_virginiana_raxml.bt003",FALSE,FALSE,FALSE,TRUE,TRUE,TRUE
"refRAD.ref_virginiana_raxml.bt004",FALSE,FALSE,FALSE,FALSE,TRUE,TRUE
"refRAD.ref_virginiana_raxml.bt005",FALSE,FALSE,FALSE,FALSE,TRUE,FALSE
"refRAD.ref_virginiana_raxml.bt006",FALSE,FALSE,FALSE,TRUE,FALSE,TRUE
"refRAD.ref_virginiana_raxml.bt007",FALSE,FALSE,FALSE,TRUE,FALSE,TRUE
"refRAD.ref_virginiana_raxml.bt008",FALSE,FALSE,FALSE,TRUE,FALSE,TRUE
"refRAD.ref_virginiana_raxml.bt009",FALSE,FALSE,FALSE,TRUE,FALSE,TRUE
"refRAD.ref_virginiana_raxml.bt010",FALSE,FALSE,FALSE,TRUE,FALSE,TRUE
"refRAD.ref_virginiana_raxml.bt011",FALSE,FALSE,FALSE,FALSE,FALSE,TRUE
"refRAD.ref_virginiana_raxml.bt012",FALSE,FALSE,FALSE,TRUE,FALSE,TRUE
"refRAD.ref_virginiana_raxml.bt013",FALSE,FALSE,FALSE,TRUE,FALSE,TRUE
"refRAD.ref_virginiana_raxml.bt014",FALSE,FALSE,FALSE,TRUE,FALSE,TRUE
"refRAD.ref_virginiana_raxml.bt015",FALSE,FALSE,FALSE,TRUE,FALSE,TRUE
"refRAD.ref_virginiana_raxml.bt016",FALSE,FALSE,TRUE,TRUE,FALSE,TRUE
"refRAD.ref_virginiana_raxml.bt017",FALSE,FALSE,FALSE,TRUE,TRUE,TRUE
"refRAD.ref_virginiana_raxml.bt018",FALSE,FALSE,FALSE,TRUE,FALSE,TRUE
"refRAD.ref_virginiana_raxml.bt019",FALSE,FALSE,FALSE,TRUE,TRUE,TRUE
"refRAD.ref_virginiana_raxml.bt020",FALSE,FALSE,FALSE,TRUE,TRUE,TRUE
"refRAD.ref_virginiana_raxml.bt021",FALSE,FALSE,TRUE,TRUE,FALSE,TRUE
"refRAD.ref_virginiana_raxml.bt022",FALSE,FALSE,FALSE,TRUE,TRUE,TRUE
"refRAD.ref_virginiana_raxml.bt023",FALSE,FALSE,FALSE,TRUE,FALSE,TRUE
"refRAD.ref_virginiana_raxml.bt024",FALSE,FALSE,FALSE,TRUE,FALSE,TRUE
"refRAD.ref_virginiana_raxml.bt025",FALSE,FALSE,FALSE,TRUE,FALSE,TRUE
"refRAD.ref_virginiana_raxml.bt026",FALSE,FALSE,FALSE,TRUE,FALSE,TRUE
"refRAD.ref_virginiana_raxml.bt027",FALSE,FALSE,TRUE,FALSE,TRUE,TRUE
"refRAD.ref_virginiana_raxml.bt028",FALSE,FALSE,TRUE,FALSE,FALSE,TRUE
"refRAD.ref_virginiana_raxml.bt029",FALSE,FALSE,TRUE,TRUE,FALSE,TRUE
"refRAD.ref_virginiana_raxml.bt030",FALSE,FALSE,TRUE,TRUE,TRUE,TRUE
"refRAD.ref_virginiana_raxml.bt031",FALSE,FALSE,FALSE,TRUE,FALSE,TRUE
"refRAD.ref_virginiana_raxml.bt032",FALSE,FALSE,FALSE,FALSE,FALSE,TRUE
"refRAD.ref_virginiana_raxml.bt033",FALSE,FALSE,FALSE,TRUE,TRUE,FALSE
"refRAD.ref_virginiana_raxml.bt034",FALSE,FALSE,FALSE,TRUE,FALSE,TRUE
"refRAD.ref_virginiana_raxml.bt035",FALSE,FALSE,FALSE,TRUE,TRUE,TRUE
"refRAD.ref_virginiana_raxml.bt036",FALSE,FALSE,FALSE,FALSE,TRUE,TRUE
"refRAD.ref_virginiana_raxml.bt037",FALSE,FALSE,FALSE,TRUE,TRUE,TRUE
"refRAD.ref_virginiana_raxml.bt038",FALSE,FALSE,FALSE,TRUE,TRUE,TRUE
"refRAD.ref_virginiana_raxml.bt039",FALSE,FALSE,FALSE,TRUE,FALSE,TRUE
"refRAD.ref_virginiana_raxml.bt040",FALSE,FALSE,FALSE,TRUE,FALSE,TRUE
"refRAD.ref_virginiana_raxml.bt041",FALSE,FALSE,FALSE,FALSE,FALSE,TRUE
"refRAD.ref_virginiana_raxml.bt042",FALSE,FALSE,FALSE,TRUE,FALSE,TRUE
"refRAD.ref_virginiana_raxml.bt043",FALSE,FALSE,FALSE,FALSE,TRUE,FALSE
"refRAD.ref_virginiana_raxml.bt044",FALSE,FALSE,TRUE,TRUE,FALSE,TRUE
"refRAD.ref_virginiana_raxml.bt045",FALSE,FALSE,TRUE,TRUE,FALSE,TRUE
"refRAD.ref_virginiana_raxml.bt046",FALSE,FALSE,TRUE,FALSE,TRUE,TRUE
"refRAD.ref_virginiana_raxml.bt047",FALSE,FALSE,FALSE,TRUE,TRUE,TRUE
"refRAD.ref_virginiana_raxml.bt048",FALSE,FALSE,FALSE,TRUE,FALSE,TRUE
"refRAD.ref_virginiana_raxml.bt049",FALSE,FALSE,TRUE,TRUE,FALSE,TRUE
"refRAD.ref_virginiana_raxml.bt050",FALSE,FALSE,FALSE,TRUE,FALSE,TRUE
"refRAD.ref_virginiana_raxml.bt051",FALSE,FALSE,FALSE,TRUE,FALSE,TRUE
"refRAD.ref_virginiana_raxml.bt052",FALSE,FALSE,TRUE,FALSE,FALSE,TRUE
"refRAD.ref_virginiana_raxml.bt053",FALSE,FALSE,TRUE,FALSE,FALSE,TRUE
"refRAD.ref_virginiana_raxml.bt054",FALSE,FALSE,FALSE,FALSE,FALSE,TRUE
"refRAD.ref_virginiana_raxml.bt055",FALSE,FALSE,FALSE,FALSE,TRUE,FALSE
"refRAD.ref_virginiana_raxml.bt056",FALSE,FALSE,FALSE,FALSE,TRUE,FALSE
"refRAD.ref_virginiana_raxml.bt057",FALSE,FALSE,FALSE,TRUE,TRUE,TRUE
"refRAD.ref_virginiana_raxml.bt058",FALSE,FALSE,TRUE,FALSE,TRUE,TRUE
"refRAD.ref_virginiana_raxml.bt059",FALSE,FALSE,FALSE,FALSE,TRUE,TRUE
"refRAD.ref_virginiana_raxml.bt060",FALSE,FALSE,FALSE,TRUE,TRUE,TRUE
"refRAD.ref_virginiana_raxml.bt061",FALSE,FALSE,FALSE,TRUE,FALSE,TRUE
"refRAD.ref_virginiana_raxml.bt062",FALSE,FALSE,TRUE,TRUE,TRUE,TRUE
"refRAD.ref_virginiana_raxml.bt063",FALSE,FALSE,FALSE,TRUE,FALSE,TRUE
"refRAD.ref_virginiana_raxml.bt064",FALSE,FALSE,FALSE,TRUE,FALSE,TRUE
"refRAD.ref_virginiana_raxml.bt065",FALSE,FALSE,FALSE,TRUE,FALSE,TRUE
"refRAD.ref_virginiana_raxml.bt066",FALSE,FALSE,FALSE,TRUE,FALSE,TRUE
"refRAD.ref_virginiana_raxml.bt067",FALSE,FALSE,FALSE,TRUE,FALSE,TRUE
"refRAD.ref_virginiana_raxml.bt068",FALSE,FALSE,FALSE,TRUE,FALSE,TRUE
"refRAD.ref_virginiana_raxml.bt069",FALSE,FALSE,FALSE,TRUE,FALSE,TRUE
"refRAD.ref_virginiana_raxml.bt070",FALSE,FALSE,FALSE,FALSE,TRUE,TRUE
"refRAD.ref_virginiana_raxml.bt071",FALSE,FALSE,FALSE,TRUE,TRUE,TRUE
"refRAD.ref_virginiana_raxml.bt072",FALSE,FALSE,FALSE,TRUE,TRUE,TRUE
"refRAD.ref_virginiana_raxml.bt073",FALSE,FALSE,FALSE,TRUE,TRUE,TRUE
"refRAD.ref_virginiana_raxml.bt074",FALSE,FALSE,FALSE,TRUE,FALSE,TRUE
"refRAD.ref_virginiana_raxml.bt075",FALSE,FALSE,FALSE,FALSE,FALSE,TRUE
"refRAD.ref_virginiana_raxml.bt076",FALSE,FALSE,TRUE,TRUE,FALSE,TRUE
"refRAD.ref_virginiana_raxml.bt077",FALSE,FALSE,FALSE,TRUE,FALSE,TRUE
"refRAD.ref_virginiana_raxml.bt078",FALSE,FALSE,FALSE,TRUE,FALSE,TRUE
"refRAD.ref_virginiana_raxml.bt079",FALSE,FALSE,FALSE,TRUE,FALSE,TRUE
"refRAD.ref_virginiana_raxml.bt080",FALSE,FALSE,FALSE,TRUE,TRUE,TRUE
"refRAD.ref_virginiana_raxml.bt081",FALSE,FALSE,FALSE,TRUE,FALSE,TRUE
"refRAD.ref_virginiana_raxml.bt082",FALSE,FALSE,FALSE,TRUE,FALSE,TRUE
"refRAD.ref_virginiana_raxml.bt083",FALSE,FALSE,TRUE,FALSE,FALSE,TRUE
"refRAD.ref_virginiana_raxml.bt084",FALSE,FALSE,TRUE,FALSE,FALSE,TRUE
"refRAD.ref_virginiana_raxml.bt085",FALSE,FALSE,FALSE,FALSE,FALSE,TRUE
"refRAD.ref_virginiana_raxml.bt086",FALSE,FALSE,FALSE,TRUE,FALSE,TRUE
"refRAD.ref_virginiana_raxml.bt087",FALSE,FALSE,TRUE,FALSE,FALSE,TRUE
"refRAD.ref_virginiana_raxml.bt088",FALSE,FALSE,TRUE,TRUE,TRUE,FALSE
"refRAD.ref_virginiana_raxml.bt089",FALSE,FALSE,TRUE,TRUE,TRUE,TRUE
"refRAD.ref_virginiana_raxml.bt090",FALSE,FALSE,TRUE,FALSE,TRUE,TRUE
"refRAD.ref_virginiana_raxml.bt091",FALSE,FALSE,FALSE,TRUE,TRUE,TRUE
"refRAD.ref_virginiana_raxml.bt092",FALSE,FALSE,TRUE,TRUE,FALSE,TRUE
"refRAD.ref_virginiana_raxml.bt093",FALSE,FALSE,FALSE,TRUE,FALSE,TRUE
"refRAD.ref_virginiana_raxml.bt094",FALSE,FALSE,TRUE,TRUE,FALSE,TRUE
"refRAD.ref_virginiana_raxml.bt095",FALSE,FALSE,TRUE,TRUE,TRUE,TRUE
"refRAD.ref_virginiana_raxml.bt096",FALSE,FALSE,TRUE,TRUE,FALSE,TRUE
"refRAD.ref_virginiana_raxml.bt097",FALSE,FALSE,FALSE,FALSE,FALSE,TRUE
"refRAD.ref_virginiana_raxml.bt098",FALSE,FALSE,FALSE,TRUE,FALSE,TRUE
"refRAD.ref_virginiana_raxml.bt099",FALSE,FALSE,FALSE,TRUE,TRUE,TRUE
"refRAD.ref_virginiana_raxml.bt100",FALSE,FALSE,FALSE,TRUE,TRUE,TRUE
"simRAD.simRAD_Qalba_raxml.bt001",TRUE,TRUE,TRUE,FALSE,TRUE,FALSE
"simRAD.simRAD_Qalba_raxml.bt002",TRUE,TRUE,TRUE,FALSE,TRUE,FALSE
"simRAD.simRAD_Qalba_raxml.bt003",FALSE,TRUE,TRUE,FALSE,FALSE,TRUE
"simRAD.simRAD_Qalba_raxml.bt004",FALSE,TRUE,TRUE,FALSE,TRUE,TRUE
"simRAD.simRAD_Qalba_raxml.bt005",TRUE,TRUE,TRUE,FALSE,TRUE,FALSE
"simRAD.simRAD_Qalba_raxml.bt006",TRUE,TRUE,TRUE,FALSE,TRUE,FALSE
"simRAD.simRAD_Qalba_raxml.bt007",TRUE,TRUE,TRUE,FALSE,TRUE,FALSE
"simRAD.simRAD_Qalba_raxml.bt008",TRUE,TRUE,TRUE,FALSE,TRUE,FALSE
"simRAD.simRAD_Qalba_raxml.bt009",FALSE,TRUE,TRUE,FALSE,TRUE,TRUE
"simRAD.simRAD_Qalba_raxml.bt010",FALSE,TRUE,TRUE,FALSE,TRUE,FALSE
"simRAD.simRAD_Qalba_raxml.bt011",TRUE,TRUE,TRUE,TRUE,TRUE,FALSE
"simRAD.simRAD_Qalba_raxml.bt012",TRUE,TRUE,TRUE,FALSE,TRUE,FALSE
"simRAD.simRAD_Qalba_raxml.bt013",TRUE,TRUE,TRUE,FALSE,TRUE,FALSE
"simRAD.simRAD_Qalba_raxml.bt014",TRUE,TRUE,TRUE,FALSE,TRUE,FALSE
"simRAD.simRAD_Qalba_raxml.bt015",TRUE,TRUE,TRUE,FALSE,TRUE,FALSE
"simRAD.simRAD_Qalba_raxml.bt016",TRUE,TRUE,TRUE,FALSE,TRUE,FALSE
"simRAD.simRAD_Qalba_raxml.bt017",TRUE,TRUE,TRUE,FALSE,TRUE,FALSE
"simRAD.simRAD_Qalba_raxml.bt018",TRUE,TRUE,TRUE,TRUE,TRUE,FALSE
"simRAD.simRAD_Qalba_raxml.bt019",TRUE,TRUE,TRUE,FALSE,TRUE,FALSE
"simRAD.simRAD_Qalba_raxml.bt020",TRUE,TRUE,TRUE,TRUE,TRUE,FALSE
"simRAD.simRAD_Qalba_raxml.bt021",FALSE,TRUE,TRUE,FALSE,TRUE,TRUE
"simRAD.simRAD_Qalba_raxml.bt022",FALSE,TRUE,TRUE,FALSE,TRUE,TRUE
"simRAD.simRAD_Qalba_raxml.bt023",FALSE,TRUE,TRUE,FALSE,TRUE,TRUE
"simRAD.simRAD_Qalba_raxml.bt024",TRUE,TRUE,TRUE,FALSE,TRUE,FALSE
"simRAD.simRAD_Qalba_raxml.bt025",TRUE,TRUE,TRUE,FALSE,TRUE,FALSE
"simRAD.simRAD_Qalba_raxml.bt026",TRUE,TRUE,TRUE,FALSE,TRUE,FALSE
"simRAD.simRAD_Qalba_raxml.bt027",TRUE,TRUE,TRUE,FALSE,TRUE,FALSE
"simRAD.simRAD_Qalba_raxml.bt028",TRUE,TRUE,TRUE,TRUE,TRUE,FALSE
"simRAD.simRAD_Qalba_raxml.bt029",TRUE,TRUE,TRUE,FALSE,TRUE,FALSE
"simRAD.simRAD_Qalba_raxml.bt030",TRUE,TRUE,TRUE,FALSE,TRUE,FALSE
"simRAD.simRAD_Qalba_raxml.bt031",FALSE,TRUE,TRUE,TRUE,TRUE,FALSE
"simRAD.simRAD_Qalba_raxml.bt032",FALSE,TRUE,TRUE,FALSE,TRUE,TRUE
"simRAD.simRAD_Qalba_raxml.bt033",TRUE,TRUE,TRUE,FALSE,TRUE,FALSE
"simRAD.simRAD_Qalba_raxml.bt034",TRUE,TRUE,TRUE,FALSE,TRUE,FALSE
"simRAD.simRAD_Qalba_raxml.bt035",TRUE,TRUE,TRUE,FALSE,TRUE,FALSE
"simRAD.simRAD_Qalba_raxml.bt036",TRUE,TRUE,TRUE,FALSE,TRUE,FALSE
"simRAD.simRAD_Qalba_raxml.bt037",TRUE,TRUE,TRUE,FALSE,TRUE,FALSE
"simRAD.simRAD_Qalba_raxml.bt038",FALSE,TRUE,TRUE,FALSE,TRUE,TRUE
"simRAD.simRAD_Qalba_raxml.bt039",TRUE,TRUE,TRUE,FALSE,TRUE,FALSE
"simRAD.simRAD_Qalba_raxml.bt040",TRUE,TRUE,TRUE,FALSE,TRUE,FALSE
"simRAD.simRAD_Qalba_raxml.bt041",TRUE,TRUE,TRUE,FALSE,TRUE,FALSE
"simRAD.simRAD_Qalba_raxml.bt042",FALSE,TRUE,TRUE,FALSE,FALSE,TRUE
"simRAD.simRAD_Qalba_raxml.bt043",FALSE,TRUE,TRUE,FALSE,TRUE,FALSE
"simRAD.simRAD_Qalba_raxml.bt044",FALSE,TRUE,TRUE,FALSE,TRUE,TRUE
"simRAD.simRAD_Qalba_raxml.bt045",FALSE,TRUE,TRUE,FALSE,TRUE,TRUE
"simRAD.simRAD_Qalba_raxml.bt046",FALSE,TRUE,TRUE,FALSE,FALSE,TRUE
"simRAD.simRAD_Qalba_raxml.bt047",FALSE,TRUE,TRUE,FALSE,TRUE,TRUE
"simRAD.simRAD_Qalba_raxml.bt048",FALSE,TRUE,TRUE,FALSE,FALSE,TRUE
"simRAD.simRAD_Qalba_raxml.bt049",FALSE,TRUE,TRUE,FALSE,TRUE,TRUE
"simRAD.simRAD_Qalba_raxml.bt050",TRUE,TRUE,TRUE,FALSE,TRUE,FALSE
"simRAD.simRAD_Qalba_raxml.bt051",TRUE,TRUE,TRUE,FALSE,TRUE,FALSE
"simRAD.simRAD_Qalba_raxml.bt052",TRUE,TRUE,TRUE,FALSE,TRUE,FALSE
"simRAD.simRAD_Qalba_raxml.bt053",FALSE,TRUE,TRUE,FALSE,TRUE,TRUE
"simRAD.simRAD_Qalba_raxml.bt054",TRUE,TRUE,TRUE,FALSE,TRUE,FALSE
"simRAD.simRAD_Qalba_raxml.bt055",FALSE,TRUE,TRUE,FALSE,TRUE,TRUE
"simRAD.simRAD_Qalba_raxml.bt056",TRUE,TRUE,TRUE,FALSE,TRUE,FALSE
"simRAD.simRAD_Qalba_raxml.bt057",TRUE,TRUE,TRUE,FALSE,TRUE,FALSE
"simRAD.simRAD_Qalba_raxml.bt058",TRUE,TRUE,TRUE,FALSE,TRUE,FALSE
"simRAD.simRAD_Qalba_raxml.bt059",TRUE,TRUE,TRUE,FALSE,TRUE,FALSE
"simRAD.simRAD_Qalba_raxml.bt060",TRUE,TRUE,TRUE,FALSE,TRUE,FALSE
"simRAD.simRAD_Qalba_raxml.bt061",TRUE,TRUE,TRUE,FALSE,TRUE,FALSE
"simRAD.simRAD_Qalba_raxml.bt062",TRUE,TRUE,TRUE,FALSE,TRUE,FALSE
"simRAD.simRAD_Qalba_raxml.bt063",TRUE,TRUE,TRUE,FALSE,TRUE,FALSE
"simRAD.simRAD_Qalba_raxml.bt064",FALSE,TRUE,TRUE,FALSE,TRUE,TRUE
"simRAD.simRAD_Qalba_raxml.bt065",FALSE,TRUE,TRUE,TRUE,TRUE,FALSE
"simRAD.simRAD_Qalba_raxml.bt066",FALSE,TRUE,TRUE,FALSE,TRUE,TRUE
"simRAD.simRAD_Qalba_raxml.bt067",FALSE,TRUE,TRUE,FALSE,TRUE,TRUE
"simRAD.simRAD_Qalba_raxml.bt068",FALSE,TRUE,TRUE,FALSE,TRUE,TRUE
"simRAD.simRAD_Qalba_raxml.bt069",FALSE,TRUE,TRUE,FALSE,FALSE,TRUE
"simRAD.simRAD_Qalba_raxml.bt070",TRUE,TRUE,TRUE,FALSE,TRUE,FALSE
"simRAD.simRAD_Qalba_raxml.bt071",TRUE,TRUE,TRUE,FALSE,TRUE,FALSE
"simRAD.simRAD_Qalba_raxml.bt072",TRUE,TRUE,TRUE,FALSE,TRUE,FALSE
"simRAD.simRAD_Qalba_raxml.bt073",TRUE,TRUE,TRUE,FALSE,TRUE,FALSE
"simRAD.simRAD_Qalba_raxml.bt074",TRUE,TRUE,TRUE,FALSE,TRUE,FALSE
"simRAD.simRAD_Qalba_raxml.bt075",TRUE,TRUE,TRUE,TRUE,TRUE,FALSE
"simRAD.simRAD_Qalba_raxml.bt076",TRUE,TRUE,TRUE,FALSE,TRUE,FALSE
"simRAD.simRAD_Qalba_raxml.bt077",TRUE,TRUE,TRUE,TRUE,TRUE,FALSE
"simRAD.simRAD_Qalba_raxml.bt078",TRUE,TRUE,TRUE,TRUE,TRUE,FALSE
"simRAD.simRAD_Qalba_raxml.bt079",TRUE,TRUE,TRUE,FALSE,TRUE,FALSE
"simRAD.simRAD_Qalba_raxml.bt080",TRUE,TRUE,TRUE,FALSE,TRUE,FALSE
"simRAD.simRAD_Qalba_raxml.bt081",TRUE,TRUE,TRUE,FALSE,TRUE,FALSE
"simRAD.simRAD_Qalba_raxml.bt082",TRUE,TRUE,TRUE,FALSE,TRUE,FALSE
"simRAD.simRAD_Qalba_raxml.bt083",TRUE,TRUE,TRUE,FALSE,TRUE,FALSE
"simRAD.simRAD_Qalba_raxml.bt084",FALSE,TRUE,TRUE,FALSE,TRUE,FALSE
"simRAD.simRAD_Qalba_raxml.bt085",FALSE,TRUE,TRUE,FALSE,FALSE,TRUE
"simRAD.simRAD_Qalba_raxml.bt086",FALSE,TRUE,TRUE,FALSE,TRUE,TRUE
"simRAD.simRAD_Qalba_raxml.bt087",TRUE,TRUE,TRUE,FALSE,TRUE,FALSE
"simRAD.simRAD_Qalba_raxml.bt088",TRUE,TRUE,TRUE,FALSE,TRUE,FALSE
"simRAD.simRAD_Qalba_raxml.bt089",TRUE,TRUE,TRUE,FALSE,TRUE,FALSE
"simRAD.simRAD_Qalba_raxml.bt090",TRUE,TRUE,TRUE,FALSE,TRUE,FALSE
"simRAD.simRAD_Qalba_raxml.bt091",FALSE,TRUE,TRUE,FALSE,TRUE,TRUE
"simRAD.simRAD_Qalba_raxml.bt092",FALSE,TRUE,TRUE,FALSE,TRUE,TRUE
"simRAD.simRAD_Qalba_raxml.bt093",TRUE,TRUE,TRUE,FALSE,TRUE,FALSE
"simRAD.simRAD_Qalba_raxml.bt094",FALSE,TRUE,TRUE,FALSE,TRUE,FALSE
"simRAD.simRAD_Qalba_raxml.bt095",TRUE,TRUE,TRUE,FALSE,TRUE,FALSE
"simRAD.simRAD_Qalba_raxml.bt096",FALSE,TRUE,TRUE,FALSE,TRUE,TRUE
"simRAD.simRAD_Qalba_raxml.bt097",FALSE,TRUE,TRUE,FALSE,TRUE,TRUE
"simRAD.simRAD_Qalba_raxml.bt098",TRUE,TRUE,TRUE,FALSE,TRUE,FALSE
"simRAD.simRAD_Qalba_raxml.bt099",TRUE,TRUE,TRUE,FALSE,TRUE,FALSE
"simRAD.simRAD_Qalba_raxml.bt100",TRUE,TRUE,TRUE,TRUE,TRUE,FALSE
"simRAD.simRAD_Qvar_raxml.bt001",FALSE,TRUE,FALSE,TRUE,FALSE,FALSE
"simRAD.simRAD_Qvar_raxml.bt002",TRUE,TRUE,TRUE,TRUE,TRUE,FALSE
"simRAD.simRAD_Qvar_raxml.bt003",FALSE,TRUE,TRUE,FALSE,FALSE,TRUE
"simRAD.simRAD_Qvar_raxml.bt004",TRUE,TRUE,TRUE,FALSE,TRUE,FALSE
"simRAD.simRAD_Qvar_raxml.bt005",FALSE,TRUE,TRUE,FALSE,FALSE,TRUE
"simRAD.simRAD_Qvar_raxml.bt006",FALSE,TRUE,TRUE,FALSE,FALSE,FALSE
"simRAD.simRAD_Qvar_raxml.bt007",TRUE,TRUE,TRUE,TRUE,TRUE,FALSE
"simRAD.simRAD_Qvar_raxml.bt008",FALSE,TRUE,TRUE,TRUE,FALSE,FALSE
"simRAD.simRAD_Qvar_raxml.bt009",FALSE,TRUE,TRUE,FALSE,TRUE,FALSE
"simRAD.simRAD_Qvar_raxml.bt010",FALSE,TRUE,FALSE,TRUE,FALSE,TRUE
"simRAD.simRAD_Qvar_raxml.bt011",FALSE,TRUE,FALSE,TRUE,FALSE,TRUE
"simRAD.simRAD_Qvar_raxml.bt012",FALSE,TRUE,TRUE,TRUE,FALSE,TRUE
"simRAD.simRAD_Qvar_raxml.bt013",FALSE,TRUE,TRUE,FALSE,FALSE,TRUE
"simRAD.simRAD_Qvar_raxml.bt014",FALSE,TRUE,TRUE,FALSE,TRUE,FALSE
"simRAD.simRAD_Qvar_raxml.bt015",FALSE,TRUE,TRUE,FALSE,FALSE,TRUE
"simRAD.simRAD_Qvar_raxml.bt016",FALSE,TRUE,TRUE,FALSE,FALSE,TRUE
"simRAD.simRAD_Qvar_raxml.bt017",TRUE,TRUE,TRUE,FALSE,FALSE,FALSE
"simRAD.simRAD_Qvar_raxml.bt018",TRUE,TRUE,TRUE,FALSE,FALSE,FALSE
"simRAD.simRAD_Qvar_raxml.bt019",TRUE,TRUE,TRUE,FALSE,FALSE,FALSE
"simRAD.simRAD_Qvar_raxml.bt020",FALSE,TRUE,FALSE,TRUE,FALSE,TRUE
"simRAD.simRAD_Qvar_raxml.bt021",FALSE,TRUE,TRUE,TRUE,FALSE,FALSE
"simRAD.simRAD_Qvar_raxml.bt022",FALSE,TRUE,TRUE,TRUE,FALSE,TRUE
"simRAD.simRAD_Qvar_raxml.bt023",FALSE,TRUE,TRUE,FALSE,FALSE,TRUE
"simRAD.simRAD_Qvar_raxml.bt024",FALSE,TRUE,TRUE,FALSE,FALSE,TRUE
"simRAD.simRAD_Qvar_raxml.bt025",FALSE,TRUE,FALSE,TRUE,FALSE,TRUE
"simRAD.simRAD_Qvar_raxml.bt026",FALSE,TRUE,TRUE,TRUE,FALSE,TRUE
"simRAD.simRAD_Qvar_raxml.bt027",FALSE,TRUE,TRUE,FALSE,FALSE,TRUE
"simRAD.simRAD_Qvar_raxml.bt028",TRUE,TRUE,TRUE,FALSE,TRUE,FALSE
"simRAD.simRAD_Qvar_raxml.bt029",FALSE,TRUE,TRUE,TRUE,FALSE,TRUE
"simRAD.simRAD_Qvar_raxml.bt030",FALSE,TRUE,FALSE,TRUE,FALSE,TRUE
"simRAD.simRAD_Qvar_raxml.bt031",FALSE,TRUE,TRUE,FALSE,FALSE,TRUE
"simRAD.simRAD_Qvar_raxml.bt032",FALSE,TRUE,TRUE,TRUE,FALSE,FALSE
"simRAD.simRAD_Qvar_raxml.bt033",FALSE,TRUE,TRUE,TRUE,FALSE,FALSE
"simRAD.simRAD_Qvar_raxml.bt034",FALSE,TRUE,TRUE,FALSE,FALSE,FALSE
"simRAD.simRAD_Qvar_raxml.bt035",FALSE,TRUE,FALSE,FALSE,FALSE,FALSE
"simRAD.simRAD_Qvar_raxml.bt036",FALSE,TRUE,FALSE,TRUE,FALSE,TRUE
"simRAD.simRAD_Qvar_raxml.bt037",FALSE,TRUE,TRUE,TRUE,FALSE,FALSE
"simRAD.simRAD_Qvar_raxml.bt038",FALSE,TRUE,TRUE,FALSE,FALSE,TRUE
"simRAD.simRAD_Qvar_raxml.bt039",FALSE,TRUE,TRUE,FALSE,FALSE,FALSE
"simRAD.simRAD_Qvar_raxml.bt040",FALSE,TRUE,FALSE,TRUE,FALSE,TRUE
"simRAD.simRAD_Qvar_raxml.bt041",FALSE,TRUE,TRUE,TRUE,FALSE,TRUE
"simRAD.simRAD_Qvar_raxml.bt042",FALSE,TRUE,TRUE,FALSE,FALSE,TRUE
"simRAD.simRAD_Qvar_raxml.bt043",TRUE,TRUE,TRUE,TRUE,TRUE,FALSE
"simRAD.simRAD_Qvar_raxml.bt044",TRUE,TRUE,TRUE,FALSE,TRUE,FALSE
"simRAD.simRAD_Qvar_raxml.bt045",TRUE,TRUE,TRUE,FALSE,TRUE,FALSE
"simRAD.simRAD_Qvar_raxml.bt046",TRUE,TRUE,TRUE,FALSE,TRUE,FALSE
"simRAD.simRAD_Qvar_raxml.bt047",FALSE,TRUE,TRUE,TRUE,FALSE,FALSE
"simRAD.simRAD_Qvar_raxml.bt048",TRUE,TRUE,TRUE,TRUE,TRUE,FALSE
"simRAD.simRAD_Qvar_raxml.bt049",FALSE,TRUE,TRUE,FALSE,FALSE,TRUE
"simRAD.simRAD_Qvar_raxml.bt050",FALSE,TRUE,TRUE,FALSE,FALSE,TRUE
"simRAD.simRAD_Qvar_raxml.bt051",FALSE,TRUE,TRUE,TRUE,FALSE,TRUE
"simRAD.simRAD_Qvar_raxml.bt052",FALSE,TRUE,TRUE,TRUE,FALSE,TRUE
"simRAD.simRAD_Qvar_raxml.bt053",FALSE,TRUE,TRUE,TRUE,FALSE,TRUE
"simRAD.simRAD_Qvar_raxml.bt054",TRUE,TRUE,TRUE,FALSE,TRUE,FALSE
"simRAD.simRAD_Qvar_raxml.bt055",FALSE,TRUE,TRUE,TRUE,FALSE,TRUE
"simRAD.simRAD_Qvar_raxml.bt056",FALSE,TRUE,TRUE,FALSE,FALSE,FALSE
"simRAD.simRAD_Qvar_raxml.bt057",FALSE,TRUE,TRUE,TRUE,FALSE,TRUE
"simRAD.simRAD_Qvar_raxml.bt058",FALSE,TRUE,TRUE,FALSE,FALSE,FALSE
"simRAD.simRAD_Qvar_raxml.bt059",FALSE,TRUE,FALSE,FALSE,FALSE,TRUE
"simRAD.simRAD_Qvar_raxml.bt060",TRUE,TRUE,TRUE,TRUE,TRUE,FALSE
"simRAD.simRAD_Qvar_raxml.bt061",FALSE,TRUE,TRUE,TRUE,FALSE,TRUE
"simRAD.simRAD_Qvar_raxml.bt062",FALSE,TRUE,TRUE,TRUE,FALSE,TRUE
"simRAD.simRAD_Qvar_raxml.bt063",FALSE,TRUE,TRUE,TRUE,FALSE,TRUE
"simRAD.simRAD_Qvar_raxml.bt064",FALSE,TRUE,TRUE,FALSE,FALSE,TRUE
"simRAD.simRAD_Qvar_raxml.bt065",FALSE,TRUE,TRUE,FALSE,FALSE,TRUE
"simRAD.simRAD_Qvar_raxml.bt066",FALSE,TRUE,FALSE,FALSE,FALSE,TRUE
"simRAD.simRAD_Qvar_raxml.bt067",FALSE,TRUE,FALSE,FALSE,FALSE,TRUE
"simRAD.simRAD_Qvar_raxml.bt068",FALSE,TRUE,TRUE,FALSE,FALSE,TRUE
"simRAD.simRAD_Qvar_raxml.bt069",FALSE,TRUE,TRUE,FALSE,FALSE,TRUE
"simRAD.simRAD_Qvar_raxml.bt070",FALSE,TRUE,FALSE,FALSE,FALSE,FALSE
"simRAD.simRAD_Qvar_raxml.bt071",FALSE,TRUE,TRUE,TRUE,FALSE,TRUE
"simRAD.simRAD_Qvar_raxml.bt072",TRUE,TRUE,TRUE,FALSE,TRUE,FALSE
"simRAD.simRAD_Qvar_raxml.bt073",FALSE,TRUE,FALSE,TRUE,FALSE,TRUE
"simRAD.simRAD_Qvar_raxml.bt074",FALSE,TRUE,FALSE,FALSE,FALSE,TRUE
"simRAD.simRAD_Qvar_raxml.bt075",FALSE,TRUE,TRUE,TRUE,FALSE,TRUE
"simRAD.simRAD_Qvar_raxml.bt076",FALSE,TRUE,TRUE,TRUE,FALSE,FALSE
"simRAD.simRAD_Qvar_raxml.bt077",FALSE,TRUE,FALSE,TRUE,FALSE,TRUE
"simRAD.simRAD_Qvar_raxml.bt078",FALSE,TRUE,TRUE,TRUE,FALSE,TRUE
"simRAD.simRAD_Qvar_raxml.bt079",FALSE,TRUE,FALSE,TRUE,FALSE,TRUE
"simRAD.simRAD_Qvar_raxml.bt080",FALSE,TRUE,TRUE,FALSE,FALSE,FALSE
"simRAD.simRAD_Qvar_raxml.bt081",FALSE,TRUE,TRUE,FALSE,FALSE,TRUE
"simRAD.simRAD_Qvar_raxml.bt082",FALSE,TRUE,FALSE,TRUE,FALSE,TRUE
"simRAD.simRAD_Qvar_raxml.bt083",FALSE,TRUE,TRUE,FALSE,FALSE,TRUE
"simRAD.simRAD_Qvar_raxml.bt084",FALSE,TRUE,FALSE,TRUE,FALSE,TRUE
"simRAD.simRAD_Qvar_raxml.bt085",FALSE,TRUE,TRUE,TRUE,FALSE,TRUE
"simRAD.simRAD_Qvar_raxml.bt086",FALSE,TRUE,TRUE,FALSE,FALSE,FALSE
"simRAD.simRAD_Qvar_raxml.bt087",FALSE,TRUE,TRUE,TRUE,FALSE,TRUE
"simRAD.simRAD_Qvar_raxml.bt088",TRUE,TRUE,FALSE,FALSE,TRUE,FALSE
"simRAD.simRAD_Qvar_raxml.bt089",FALSE,TRUE,TRUE,FALSE,FALSE,TRUE
"simRAD.simRAD_Qvar_raxml.bt090",FALSE,TRUE,TRUE,TRUE,FALSE,TRUE
"simRAD.simRAD_Qvar_raxml.bt091",FALSE,TRUE,FALSE,TRUE,FALSE,TRUE
"simRAD.simRAD_Qvar_raxml.bt092",FALSE,TRUE,FALSE,TRUE,FALSE,TRUE
"simRAD.simRAD_Qvar_raxml.bt093",FALSE,TRUE,TRUE,TRUE,FALSE,FALSE
"simRAD.simRAD_Qvar_raxml.bt094",FALSE,TRUE,TRUE,TRUE,FALSE,TRUE
"simRAD.simRAD_Qvar_raxml.bt095",FALSE,TRUE,TRUE,FALSE,FALSE,TRUE
"simRAD.simRAD_Qvar_raxml.bt096",FALSE,TRUE,TRUE,TRUE,FALSE,FALSE
"simRAD.simRAD_Qvar_raxml.bt097",FALSE,TRUE,FALSE,TRUE,TRUE,TRUE
"simRAD.simRAD_Qvar_raxml.bt098",FALSE,TRUE,TRUE,TRUE,TRUE,TRUE
"simRAD.simRAD_Qvar_raxml.bt099",FALSE,TRUE,TRUE,FALSE,FALSE,TRUE
"simRAD.simRAD_Qvar_raxml.bt100",FALSE,TRUE,TRUE,TRUE,FALSE,TRUE
"reSeq.reseq_Qalba.bt001",FALSE,TRUE,TRUE,TRUE,TRUE,TRUE
"reSeq.reseq_Qalba.bt002",FALSE,TRUE,TRUE,TRUE,TRUE,TRUE
"reSeq.reseq_Qalba.bt003",FALSE,TRUE,TRUE,TRUE,TRUE,TRUE
"reSeq.reseq_Qalba.bt004",FALSE,TRUE,TRUE,TRUE,TRUE,TRUE
"reSeq.reseq_Qalba.bt005",FALSE,TRUE,TRUE,TRUE,TRUE,TRUE
"reSeq.reseq_Qalba.bt006",FALSE,TRUE,TRUE,TRUE,TRUE,TRUE
"reSeq.reseq_Qalba.bt007",FALSE,TRUE,TRUE,TRUE,TRUE,TRUE
"reSeq.reseq_Qalba.bt008",FALSE,TRUE,TRUE,TRUE,TRUE,TRUE
"reSeq.reseq_Qalba.bt009",FALSE,TRUE,TRUE,TRUE,TRUE,TRUE
"reSeq.reseq_Qalba.bt010",FALSE,TRUE,TRUE,TRUE,TRUE,TRUE
"reSeq.reseq_Qalba.bt011",FALSE,TRUE,TRUE,TRUE,TRUE,TRUE
"reSeq.reseq_Qalba.bt012",FALSE,TRUE,TRUE,TRUE,TRUE,TRUE
"reSeq.reseq_Qalba.bt013",FALSE,TRUE,TRUE,TRUE,TRUE,TRUE
"reSeq.reseq_Qalba.bt014",FALSE,TRUE,TRUE,TRUE,TRUE,TRUE
"reSeq.reseq_Qalba.bt015",FALSE,TRUE,TRUE,TRUE,TRUE,TRUE
"reSeq.reseq_Qalba.bt016",FALSE,TRUE,TRUE,TRUE,TRUE,TRUE
"reSeq.reseq_Qalba.bt017",FALSE,TRUE,TRUE,TRUE,TRUE,TRUE
"reSeq.reseq_Qalba.bt018",FALSE,TRUE,TRUE,TRUE,TRUE,TRUE
"reSeq.reseq_Qalba.bt019",FALSE,TRUE,TRUE,TRUE,TRUE,TRUE
"reSeq.reseq_Qalba.bt020",FALSE,TRUE,TRUE,TRUE,TRUE,TRUE
"reSeq.reseq_Qalba.bt021",FALSE,TRUE,TRUE,TRUE,TRUE,TRUE
"reSeq.reseq_Qalba.bt022",FALSE,TRUE,TRUE,TRUE,TRUE,TRUE
"reSeq.reseq_Qalba.bt023",FALSE,TRUE,TRUE,TRUE,TRUE,TRUE
"reSeq.reseq_Qalba.bt024",FALSE,TRUE,TRUE,TRUE,TRUE,TRUE
"reSeq.reseq_Qalba.bt025",FALSE,TRUE,TRUE,TRUE,TRUE,TRUE
"reSeq.reseq_Qalba.bt026",FALSE,TRUE,TRUE,TRUE,TRUE,TRUE
"reSeq.reseq_Qalba.bt027",FALSE,TRUE,TRUE,TRUE,TRUE,TRUE
"reSeq.reseq_Qalba.bt028",FALSE,TRUE,TRUE,TRUE,TRUE,TRUE
"reSeq.reseq_Qalba.bt029",FALSE,TRUE,TRUE,TRUE,TRUE,TRUE
"reSeq.reseq_Qalba.bt030",FALSE,TRUE,TRUE,TRUE,TRUE,TRUE
"reSeq.reseq_Qalba.bt031",FALSE,TRUE,TRUE,TRUE,TRUE,TRUE
"reSeq.reseq_Qalba.bt032",FALSE,TRUE,TRUE,TRUE,TRUE,TRUE
"reSeq.reseq_Qalba.bt033",FALSE,TRUE,TRUE,TRUE,TRUE,TRUE
"reSeq.reseq_Qalba.bt034",FALSE,TRUE,TRUE,TRUE,TRUE,TRUE
"reSeq.reseq_Qalba.bt035",FALSE,TRUE,TRUE,TRUE,TRUE,TRUE
"reSeq.reseq_Qalba.bt036",FALSE,TRUE,TRUE,TRUE,TRUE,TRUE
"reSeq.reseq_Qalba.bt037",FALSE,TRUE,TRUE,TRUE,TRUE,TRUE
"reSeq.reseq_Qalba.bt038",FALSE,TRUE,TRUE,TRUE,TRUE,TRUE
"reSeq.reseq_Qalba.bt039",FALSE,TRUE,TRUE,TRUE,TRUE,TRUE
"reSeq.reseq_Qalba.bt040",FALSE,TRUE,TRUE,TRUE,TRUE,TRUE
"reSeq.reseq_Qalba.bt041",FALSE,TRUE,TRUE,TRUE,TRUE,TRUE
"reSeq.reseq_Qalba.bt042",FALSE,TRUE,TRUE,TRUE,TRUE,TRUE
"reSeq.reseq_Qalba.bt043",FALSE,TRUE,TRUE,TRUE,TRUE,TRUE
"reSeq.reseq_Qalba.bt044",FALSE,TRUE,TRUE,TRUE,TRUE,TRUE
"reSeq.reseq_Qalba.bt045",FALSE,TRUE,TRUE,TRUE,TRUE,TRUE
"reSeq.reseq_Qalba.bt046",FALSE,TRUE,TRUE,TRUE,TRUE,TRUE
"reSeq.reseq_Qalba.bt047",FALSE,TRUE,TRUE,TRUE,TRUE,TRUE
"reSeq.reseq_Qalba.bt048",FALSE,TRUE,TRUE,TRUE,TRUE,TRUE
"reSeq.reseq_Qalba.bt049",FALSE,TRUE,TRUE,TRUE,TRUE,TRUE
"reSeq.reseq_Qalba.bt050",FALSE,TRUE,TRUE,TRUE,TRUE,TRUE
"reSeq.reseq_Qalba.bt051",FALSE,TRUE,TRUE,TRUE,TRUE,TRUE
"reSeq.reseq_Qalba.bt052",FALSE,TRUE,TRUE,TRUE,TRUE,TRUE
"reSeq.reseq_Qalba.bt053",FALSE,TRUE,TRUE,TRUE,TRUE,TRUE
"reSeq.reseq_Qalba.bt054",FALSE,TRUE,TRUE,TRUE,TRUE,TRUE
"reSeq.reseq_Qalba.bt055",FALSE,TRUE,TRUE,TRUE,TRUE,TRUE
"reSeq.reseq_Qalba.bt056",FALSE,TRUE,TRUE,TRUE,TRUE,TRUE
"reSeq.reseq_Qalba.bt057",FALSE,TRUE,TRUE,TRUE,TRUE,TRUE
"reSeq.reseq_Qalba.bt058",FALSE,TRUE,TRUE,TRUE,TRUE,TRUE
"reSeq.reseq_Qalba.bt059",FALSE,TRUE,TRUE,TRUE,TRUE,TRUE
"reSeq.reseq_Qalba.bt060",FALSE,TRUE,TRUE,TRUE,TRUE,TRUE
"reSeq.reseq_Qalba.bt061",FALSE,TRUE,TRUE,TRUE,TRUE,TRUE
"reSeq.reseq_Qalba.bt062",FALSE,TRUE,TRUE,TRUE,TRUE,TRUE
"reSeq.reseq_Qalba.bt063",FALSE,TRUE,TRUE,TRUE,TRUE,TRUE
"reSeq.reseq_Qalba.bt064",FALSE,TRUE,TRUE,TRUE,TRUE,TRUE
"reSeq.reseq_Qalba.bt065",FALSE,TRUE,TRUE,TRUE,TRUE,TRUE
"reSeq.reseq_Qalba.bt066",FALSE,TRUE,TRUE,TRUE,TRUE,TRUE
"reSeq.reseq_Qalba.bt067",FALSE,TRUE,TRUE,TRUE,TRUE,TRUE
"reSeq.reseq_Qalba.bt068",FALSE,TRUE,TRUE,TRUE,TRUE,TRUE
"reSeq.reseq_Qalba.bt069",FALSE,TRUE,TRUE,TRUE,TRUE,TRUE
"reSeq.reseq_Qalba.bt070",FALSE,TRUE,TRUE,TRUE,TRUE,TRUE
"reSeq.reseq_Qalba.bt071",FALSE,TRUE,TRUE,TRUE,TRUE,TRUE
"reSeq.reseq_Qalba.bt072",FALSE,TRUE,TRUE,TRUE,TRUE,TRUE
"reSeq.reseq_Qalba.bt073",FALSE,TRUE,TRUE,TRUE,TRUE,TRUE
"reSeq.reseq_Qalba.bt074",FALSE,TRUE,TRUE,TRUE,TRUE,TRUE
"reSeq.reseq_Qalba.bt075",FALSE,TRUE,TRUE,TRUE,TRUE,TRUE
"reSeq.reseq_Qalba.bt076",FALSE,TRUE,TRUE,TRUE,TRUE,TRUE
"reSeq.reseq_Qalba.bt077",FALSE,TRUE,TRUE,TRUE,TRUE,TRUE
"reSeq.reseq_Qalba.bt078",FALSE,TRUE,TRUE,TRUE,TRUE,TRUE
"reSeq.reseq_Qalba.bt079",FALSE,TRUE,TRUE,TRUE,TRUE,TRUE
"reSeq.reseq_Qalba.bt080",FALSE,TRUE,TRUE,TRUE,TRUE,TRUE
"reSeq.reseq_Qalba.bt081",FALSE,TRUE,TRUE,TRUE,TRUE,TRUE
"reSeq.reseq_Qalba.bt082",FALSE,TRUE,TRUE,TRUE,TRUE,TRUE
"reSeq.reseq_Qalba.bt083",FALSE,TRUE,TRUE,TRUE,TRUE,TRUE
"reSeq.reseq_Qalba.bt084",FALSE,TRUE,TRUE,TRUE,TRUE,TRUE
"reSeq.reseq_Qalba.bt085",FALSE,TRUE,TRUE,TRUE,TRUE,TRUE
"reSeq.reseq_Qalba.bt086",FALSE,TRUE,TRUE,TRUE,TRUE,TRUE
"reSeq.reseq_Qalba.bt087",FALSE,TRUE,TRUE,TRUE,TRUE,TRUE
"reSeq.reseq_Qalba.bt088",FALSE,TRUE,TRUE,TRUE,TRUE,TRUE
"reSeq.reseq_Qalba.bt089",FALSE,TRUE,TRUE,TRUE,TRUE,TRUE
"reSeq.reseq_Qalba.bt090",FALSE,TRUE,TRUE,TRUE,TRUE,TRUE
"reSeq.reseq_Qalba.bt091",FALSE,TRUE,TRUE,TRUE,TRUE,TRUE
"reSeq.reseq_Qalba.bt092",FALSE,TRUE,TRUE,TRUE,TRUE,TRUE
"reSeq.reseq_Qalba.bt093",FALSE,TRUE,TRUE,TRUE,TRUE,TRUE
"reSeq.reseq_Qalba.bt094",FALSE,TRUE,TRUE,TRUE,TRUE,TRUE
"reSeq.reseq_Qalba.bt095",FALSE,TRUE,TRUE,TRUE,TRUE,TRUE
"reSeq.reseq_Qalba.bt096",FALSE,TRUE,TRUE,TRUE,TRUE,TRUE
"reSeq.reseq_Qalba.bt097",FALSE,TRUE,TRUE,TRUE,TRUE,TRUE
"reSeq.reseq_Qalba.bt098",FALSE,TRUE,TRUE,TRUE,TRUE,TRUE
"reSeq.reseq_Qalba.bt099",FALSE,TRUE,TRUE,TRUE,TRUE,TRUE
"reSeq.reseq_Qalba.bt100",FALSE,TRUE,TRUE,TRUE,TRUE,TRUE
"reSeq.reseq_Qvar.bt001",FALSE,TRUE,TRUE,TRUE,TRUE,TRUE
"reSeq.reseq_Qvar.bt002",FALSE,TRUE,TRUE,TRUE,TRUE,TRUE
"reSeq.reseq_Qvar.bt003",FALSE,TRUE,TRUE,TRUE,TRUE,TRUE
"reSeq.reseq_Qvar.bt004",FALSE,TRUE,TRUE,TRUE,TRUE,TRUE
"reSeq.reseq_Qvar.bt005",FALSE,TRUE,TRUE,TRUE,TRUE,TRUE
"reSeq.reseq_Qvar.bt006",FALSE,TRUE,TRUE,TRUE,TRUE,TRUE
"reSeq.reseq_Qvar.bt007",FALSE,TRUE,TRUE,TRUE,TRUE,TRUE
"reSeq.reseq_Qvar.bt008",FALSE,TRUE,TRUE,TRUE,TRUE,TRUE
"reSeq.reseq_Qvar.bt009",FALSE,TRUE,TRUE,TRUE,TRUE,TRUE
"reSeq.reseq_Qvar.bt010",FALSE,TRUE,TRUE,TRUE,TRUE,TRUE
"reSeq.reseq_Qvar.bt011",FALSE,TRUE,TRUE,TRUE,TRUE,TRUE
"reSeq.reseq_Qvar.bt012",FALSE,TRUE,TRUE,TRUE,TRUE,TRUE
"reSeq.reseq_Qvar.bt013",FALSE,TRUE,TRUE,TRUE,TRUE,TRUE
"reSeq.reseq_Qvar.bt014",FALSE,TRUE,TRUE,TRUE,TRUE,TRUE
"reSeq.reseq_Qvar.bt015",FALSE,TRUE,TRUE,TRUE,TRUE,TRUE
"reSeq.reseq_Qvar.bt016",FALSE,TRUE,TRUE,TRUE,TRUE,TRUE
"reSeq.reseq_Qvar.bt017",FALSE,TRUE,TRUE,TRUE,TRUE,TRUE
"reSeq.reseq_Qvar.bt018",FALSE,TRUE,TRUE,TRUE,TRUE,TRUE
"reSeq.reseq_Qvar.bt019",FALSE,TRUE,TRUE,TRUE,TRUE,TRUE
"reSeq.reseq_Qvar.bt020",FALSE,TRUE,TRUE,TRUE,TRUE,TRUE
"reSeq.reseq_Qvar.bt021",FALSE,TRUE,TRUE,TRUE,TRUE,TRUE
"reSeq.reseq_Qvar.bt022",FALSE,TRUE,TRUE,TRUE,TRUE,TRUE
"reSeq.reseq_Qvar.bt023",FALSE,TRUE,TRUE,TRUE,TRUE,TRUE
"reSeq.reseq_Qvar.bt024",FALSE,TRUE,TRUE,TRUE,TRUE,TRUE
"reSeq.reseq_Qvar.bt025",FALSE,TRUE,TRUE,TRUE,TRUE,TRUE
"reSeq.reseq_Qvar.bt026",FALSE,TRUE,TRUE,TRUE,TRUE,TRUE
"reSeq.reseq_Qvar.bt027",FALSE,TRUE,TRUE,TRUE,TRUE,TRUE
"reSeq.reseq_Qvar.bt028",FALSE,TRUE,TRUE,TRUE,TRUE,TRUE
"reSeq.reseq_Qvar.bt029",FALSE,TRUE,TRUE,TRUE,TRUE,TRUE
"reSeq.reseq_Qvar.bt030",FALSE,TRUE,TRUE,TRUE,TRUE,TRUE
"reSeq.reseq_Qvar.bt031",FALSE,TRUE,TRUE,TRUE,TRUE,TRUE
"reSeq.reseq_Qvar.bt032",FALSE,TRUE,TRUE,TRUE,TRUE,TRUE
"reSeq.reseq_Qvar.bt033",FALSE,TRUE,TRUE,TRUE,TRUE,TRUE
"reSeq.reseq_Qvar.bt034",FALSE,TRUE,TRUE,TRUE,TRUE,TRUE
"reSeq.reseq_Qvar.bt035",FALSE,TRUE,TRUE,TRUE,TRUE,TRUE
"reSeq.reseq_Qvar.bt036",FALSE,TRUE,TRUE,TRUE,TRUE,TRUE
"reSeq.reseq_Qvar.bt037",FALSE,TRUE,TRUE,TRUE,TRUE,TRUE
"reSeq.reseq_Qvar.bt038",FALSE,TRUE,TRUE,TRUE,TRUE,TRUE
"reSeq.reseq_Qvar.bt039",FALSE,TRUE,TRUE,TRUE,TRUE,TRUE
"reSeq.reseq_Qvar.bt040",FALSE,TRUE,TRUE,TRUE,TRUE,TRUE
"reSeq.reseq_Qvar.bt041",FALSE,TRUE,TRUE,TRUE,TRUE,TRUE
"reSeq.reseq_Qvar.bt042",FALSE,TRUE,TRUE,TRUE,TRUE,TRUE
"reSeq.reseq_Qvar.bt043",FALSE,TRUE,TRUE,TRUE,TRUE,TRUE
"reSeq.reseq_Qvar.bt044",FALSE,TRUE,TRUE,TRUE,TRUE,TRUE
"reSeq.reseq_Qvar.bt045",FALSE,TRUE,TRUE,TRUE,TRUE,TRUE
"reSeq.reseq_Qvar.bt046",FALSE,TRUE,TRUE,TRUE,TRUE,TRUE
"reSeq.reseq_Qvar.bt047",FALSE,TRUE,TRUE,TRUE,TRUE,TRUE
"reSeq.reseq_Qvar.bt048",FALSE,TRUE,TRUE,TRUE,TRUE,TRUE
"reSeq.reseq_Qvar.bt049",FALSE,TRUE,TRUE,TRUE,TRUE,TRUE
"reSeq.reseq_Qvar.bt050",FALSE,TRUE,TRUE,TRUE,TRUE,TRUE
"reSeq.reseq_Qvar.bt051",FALSE,TRUE,TRUE,TRUE,TRUE,TRUE
"reSeq.reseq_Qvar.bt052",FALSE,TRUE,TRUE,TRUE,TRUE,TRUE
"reSeq.reseq_Qvar.bt053",FALSE,TRUE,TRUE,TRUE,TRUE,TRUE
"reSeq.reseq_Qvar.bt054",FALSE,TRUE,TRUE,TRUE,TRUE,TRUE
"reSeq.reseq_Qvar.bt055",FALSE,TRUE,TRUE,TRUE,TRUE,TRUE
"reSeq.reseq_Qvar.bt056",FALSE,TRUE,TRUE,TRUE,TRUE,TRUE
"reSeq.reseq_Qvar.bt057",FALSE,TRUE,TRUE,TRUE,TRUE,TRUE
"reSeq.reseq_Qvar.bt058",FALSE,TRUE,TRUE,TRUE,TRUE,TRUE
"reSeq.reseq_Qvar.bt059",FALSE,TRUE,TRUE,TRUE,TRUE,TRUE
"reSeq.reseq_Qvar.bt060",FALSE,TRUE,TRUE,TRUE,TRUE,TRUE
"reSeq.reseq_Qvar.bt061",FALSE,TRUE,TRUE,TRUE,TRUE,TRUE
"reSeq.reseq_Qvar.bt062",FALSE,TRUE,TRUE,TRUE,TRUE,TRUE
"reSeq.reseq_Qvar.bt063",FALSE,TRUE,TRUE,TRUE,TRUE,TRUE
"reSeq.reseq_Qvar.bt064",FALSE,TRUE,TRUE,TRUE,TRUE,TRUE
"reSeq.reseq_Qvar.bt065",FALSE,TRUE,TRUE,TRUE,TRUE,TRUE
"reSeq.reseq_Qvar.bt066",FALSE,TRUE,TRUE,TRUE,TRUE,TRUE
"reSeq.reseq_Qvar.bt067",FALSE,TRUE,TRUE,TRUE,TRUE,TRUE
"reSeq.reseq_Qvar.bt068",FALSE,TRUE,TRUE,TRUE,TRUE,TRUE
"reSeq.reseq_Qvar.bt069",FALSE,TRUE,TRUE,TRUE,TRUE,TRUE
"reSeq.reseq_Qvar.bt070",FALSE,TRUE,TRUE,TRUE,TRUE,TRUE
"reSeq.reseq_Qvar.bt071",FALSE,TRUE,TRUE,TRUE,TRUE,TRUE
"reSeq.reseq_Qvar.bt072",FALSE,TRUE,TRUE,TRUE,TRUE,TRUE
"reSeq.reseq_Qvar.bt073",FALSE,TRUE,TRUE,TRUE,TRUE,TRUE
"reSeq.reseq_Qvar.bt074",FALSE,TRUE,TRUE,TRUE,TRUE,TRUE
"reSeq.reseq_Qvar.bt075",FALSE,TRUE,TRUE,TRUE,TRUE,TRUE
"reSeq.reseq_Qvar.bt076",FALSE,TRUE,TRUE,TRUE,TRUE,TRUE
"reSeq.reseq_Qvar.bt077",FALSE,TRUE,TRUE,TRUE,TRUE,TRUE
"reSeq.reseq_Qvar.bt078",FALSE,TRUE,TRUE,TRUE,TRUE,TRUE
"reSeq.reseq_Qvar.bt079",FALSE,TRUE,TRUE,TRUE,TRUE,TRUE
"reSeq.reseq_Qvar.bt080",FALSE,TRUE,TRUE,TRUE,TRUE,TRUE
"reSeq.reseq_Qvar.bt081",FALSE,TRUE,TRUE,TRUE,TRUE,TRUE
"reSeq.reseq_Qvar.bt082",FALSE,TRUE,TRUE,TRUE,TRUE,TRUE
"reSeq.reseq_Qvar.bt083",FALSE,TRUE,TRUE,TRUE,TRUE,TRUE
"reSeq.reseq_Qvar.bt084",FALSE,TRUE,TRUE,TRUE,TRUE,TRUE
"reSeq.reseq_Qvar.bt085",FALSE,TRUE,TRUE,TRUE,TRUE,TRUE
"reSeq.reseq_Qvar.bt086",FALSE,TRUE,TRUE,TRUE,TRUE,TRUE
"reSeq.reseq_Qvar.bt087",FALSE,TRUE,TRUE,TRUE,TRUE,TRUE
"reSeq.reseq_Qvar.bt088",FALSE,TRUE,TRUE,TRUE,TRUE,TRUE
"reSeq.reseq_Qvar.bt089",FALSE,TRUE,TRUE,TRUE,TRUE,TRUE
"reSeq.reseq_Qvar.bt090",FALSE,TRUE,TRUE,TRUE,TRUE,TRUE
"reSeq.reseq_Qvar.bt091",FALSE,TRUE,TRUE,TRUE,TRUE,TRUE
"reSeq.reseq_Qvar.bt092",FALSE,TRUE,TRUE,TRUE,TRUE,TRUE
"reSeq.reseq_Qvar.bt093",FALSE,TRUE,TRUE,TRUE,TRUE,TRUE
"reSeq.reseq_Qvar.bt094",FALSE,TRUE,TRUE,TRUE,TRUE,TRUE
"reSeq.reseq_Qvar.bt095",FALSE,TRUE,TRUE,TRUE,TRUE,TRUE
"reSeq.reseq_Qvar.bt096",FALSE,TRUE,TRUE,TRUE,TRUE,TRUE
"reSeq.reseq_Qvar.bt097",FALSE,TRUE,TRUE,TRUE,TRUE,TRUE
"reSeq.reseq_Qvar.bt098",FALSE,TRUE,TRUE,TRUE,TRUE,TRUE
"reSeq.reseq_Qvar.bt099",FALSE,TRUE,TRUE,TRUE,TRUE,TRUE
"reSeq.reseq_Qvar.bt100",FALSE,TRUE,TRUE,TRUE,TRUE,TRUE
